Batch,Study,Parent_Pair,Cohort,Dam_ID,Sire_ID,Animal_ID,Access_ID,Sex,Diet,DOB,Date_of_Wean,Diet_Start,Diet_Start_Week,Litter_Number,Litter_Size,Coat_Color,Ear_Punch,Rack,Total_AUC,FastGluc,FastIns,HarvWeight,RetroFat_norm,EpiFat_norm,OmentalFat_norm,ClosedJunc,OpenJunc,REST_EPISODE_COUNT_5,MOVEMENT_EPISODE_COUNT_5,VERTICAL_EPISODE_COUNT_5,SWIM,CLIMB,FLOAT
Thesis,Thesis,338,1T,726192,726211,AWD193,734525,F,HFD,43360,43380,43406,SIX,9,8,BLACK HOOD,LT,C-F3,13642.5,78,,239,0.836820084,0.920502092,0.50209205,150.7,112.19,5,6,36,53,5,2
Thesis,Thesis,343,1T,726212,725383,AWD201,734575,F,HFD,43360,43381,43406,SIX,7,9,ALBINO,LT,C-F3,13545,88,,228,1.754385965,1.754385965,0.789473684,162.99,136.15,6,7,25,39,0,21
Thesis,Thesis,343,1T,726212,725383,AWD202,734576,F,HFD,43360,43381,43406,SIX,7,9,ALBINO,RM,C-G3,9547.5,75,,276,3.47826087,2.246376812,1.52173913,191.91,103.03,8,9,26,23,3,34
Thesis,Thesis,448,1T,722921,733112,AWD216,734634,F,HFD,43339,43384,43406,SIX,2,12,BROWN HOOD,LT,C-G3,13905,76,,302,3.443708609,1.78807947,1.523178808,254.42,44.93,13,14,26,33,1,26
Thesis,Thesis,338,1T,726192,726211,AWD194,734526,F,HFD,43360,43380,43406,SIX,9,8,BROWN HOOD,LB,C-H3,12720,80,,220,0.909090909,0.818181818,0.454545455,178.55,121.19,13,14,33,51,8,1
Thesis,Thesis,405,1T,728711,729521,AWD209,734585,F,HFD,43360,43381,43406,SIX,3,13,BLACK HOOD,LM,C-H3,12832.5,73,,201,1.194029851,1.194029851,0.597014925,121.33,176.25,6,7,35,40,8,12
Thesis,Thesis,408,2T,727772,728081,AWD225,734673,F,HFD,43366,43388,43413,SIX,4,13,BLACK HOOD,LTRM,C-G7,12645,72,,247,1.295546559,0.728744939,0.48582996,144.65,152.35,9,10,25,42,5,13
Thesis,Thesis,335,2T,726252,726561,AWD237,734762,F,HFD,43368,43389,43413,SIX,8,7,BROWN HOOD,RB,C-G7,12000,86,,274,1.605839416,1.313868613,0.583941606,154.94,137.44,11,12,21,51,0,9
Thesis,Thesis,447,2T,733121,733091,AWD233,734733,F,HFD,43367,43388,43413,SIX,2,15,BLACK HOOD,LTRC,C-H7,11797.5,67,,186,0.967741935,0.860215054,0.430107527,217.65,79.26,6,7,28,47,3,10
Thesis,Thesis,401,2T,728661,727723,AWD241,734783,F,HFD,43368,43389,43413,SIX,4,11,BLACK,RT,C-H7,10725,74,0.219,216,0.925925926,0.833333333,0.462962963,221.42,73.8,13,14,20,32,11,17
Thesis,Thesis,431,3T,727992,729031,AWD198,736259,F,HFD,43416,43437,43462,SIX,5,13,BLACK,LT,C-C3,11482.5,73,,231,2.813852814,2.770562771,1.385281385,247.55,48.4,6,7,25,35,1,24
Thesis,Thesis,465,3T,733113,733065,AWD203,7362310,F,HFD,43416,43437,43462,SIX,4,10,BLK HOOD,RM,C-C3,17107.5,70,,243,1.934156379,2.427983539,1.234567901,219.25,80.25,13,14,29,44,0,16
Thesis,Thesis,421,3T,727952,728061,AWD206,736297,F,HFD,43417,43438,43462,SIX,5,8,ALBINO,LT,C-D3,10882.5,69,,242,0.785123967,1.363636364,0.454545455,207.6,92.05,9,10,31,53,2,5
Thesis,Thesis,443,3T,727934,727791,AWD217,736339,F,HFD,43419,43440,43462,SIX,4,11,BROWN ,RM,C-D3,12187.5,77,,207,0.724637681,1.400966184,0.434782609,255.15,40.72,7,8,23,44,2,12
Thesis,Thesis,442,3T,729362,728031,AWD200,736289,F,HFD,43416,43437,43462,SIX,6,10,BRN HOOD,LT,C-E3,10980,68,,222,0.405405405,0.765765766,0.27027027,207.12,83.49,4,5,29,57,2,1
Thesis,Thesis,416,3T,727942,727901,AWD210,736319,F,HFD,43418,43439,43462,SIX,5,11,BLACK,RM,C-E3,9967.5,59,0.04,213,1.690140845,3.051643192,0.892018779,288.85,9.97,7,8,33,51,0,9
Thesis,Thesis,463,4T,733582,733542,AWD221,736393,F,HFD,43422,43442,43469,SIX,3,11,ALBINO,LM,C-C7,12187.5,78,0.8235,267,2.771535581,3.782771536,1.348314607,148.83,145.99,35,36,34,28,5,27
Thesis,Thesis,402,4T,728072,729351,AWD229,736423,F,HFD,43423,43445,43469,SIX,5,5,BROWN,RB,C-C7,12607.5,78,0.5365,232,2.413793103,4.396551724,1.594827586,178.13,120.84,29,30,39,38,0,22
Thesis,Thesis,438,4T,727912,727801,AWD233,736543,F,HFD,43423,43445,43469,SIX,6,11,BLK HOOD,LT,C-D7,14347.5,80,,245,1.346938776,2.448979592,1.183673469,237.31,62.61,19,20,38,27,6,27
Thesis,Thesis,419,4T,727872,727763,AWD241,736533,F,HFD,43425,43446,43469,SIX,5,11,BLACK,RB,C-D7,12345,79,,244,1.147540984,1.803278689,0.901639344,161.71,135.34,42,42,35,50,3,7
Thesis,Thesis,450,4T,733271,733251,AWD225,737073,F,HFD,43421,43442,43469,SIX,4,9,BLK HOOD ,LT,C-E7,15165,85,0.383,249,1.606425703,2.730923695,1.004016064,244.43,52.44,37,37,26,42,4,9
Thesis,Thesis,454,4T,733541,733521,AWD237,736443,F,HFD,43424,43445,43469,SIX,3,14,BRN HOOD,RM,C-E7,14932.5,81,,268,1.97761194,3.358208955,1.343283582,139.93,154.95,36,37,45,37,3,19
Thesis,Thesis,555,5T,733801,732091,AWD246,738373,F,HFD,43470,43493,43518,SIX,2,12,BLK HOOD,LT,C-F3,14475,83,,243,1.604938272,2.551440329,3.04526749,147.61,151.38,9,10,25,36,0,24
Thesis,Thesis,433,5T,728012,727933,AWD248,738333,F,HFD,43471,43493,43518,SIX,6,9,BRN HOOD,RM,C-F3,15435,68,,254,1.535433071,2.362204724,1.062992126,239.11,57.5,8,9,27,49,10,1
Thesis,Thesis,449,5T,733191,733171,AWD258,738493,F,HFD,43474,43495,43518,SIX,5,10,BLK HOOD,RM,C-G3,11865,60,0.473,211,1.895734597,3.696682464,1.232227488,170.41,126.9,7,8,28,42,0,18
Thesis,Thesis,428,5T,728082,727733,AWD262,738573,F,HFD,43475,43496,43518,SIX,6,8,BLK HOOD,LTRT,C-G3,10650,66,0.574,242,3.760330579,3.016528926,0.991735537,194.92,104.2,4,5,27,50,3,7
Thesis,Thesis,441,5T,728062,727813,AWD254,738293,F,HFD,43471,43493,43518,SIX,7,11,BRN HOOD,RB,C-H3,14692.5,74,,270,1.851851852,2.703703704,1.555555556,164.22,135.19,8,9,29,42,4,11
Thesis,Thesis,461,5T,733092,733472,AWD266,738503,F,HFD,43475,43496,43518,SIX,6,11,ALBINO,LT,C-H3,14025,73,,267,1.797752809,2.996254682,1.423220974,170.09,124.88,2,3,23,45,1,14
Thesis,Thesis,412,6T,727792,727921,AWD270,738543,F,HFD,43477,43500,43525,SIX,8,7,ALBINO,LT,C-F7,14737.5,78,0.7695,237,1.35021097,3.037974684,1.139240506,150.45,144.09,7,8,31,13,0,47
Thesis,Thesis,414,6T,727802,728091,AWD274,738603,F,HFD,43477,43500,43525,SIX,8,6,BRN HOOD,LM,C-F7,13845,82,0.5145,240,1.875,3,1.416666667,97.24,202.72,10,11,22,38,0,22
Thesis,Thesis,425,6T,729792,728021,AWD286,738683,F,HFD,43480,43501,43525,SIX,8,13,BRN HOOD,LT,C-G7,,,,,,,,174.8,51.28,,,,,,
Thesis,Thesis,430,6T,728092,727851,AWD290,738693,F,HFD,43480,43501,43525,SIX,7,11,ALBINO,RB,C-G7,,,,,,,,186.2,110.68,,,,,,
Thesis,Thesis,455,6T,733601,733581,AWD278,738593,F,HFD,43477,43500,43525,SIX,6,13,ALBINO,LB,C-H7,11925,77,,207,0.77294686,1.207729469,0.579710145,262.68,34.91,5,6,20,28,0,32
Thesis,Thesis,436,6T,728052,727771,AWD282,738711,F,HFD,43479,43500,43525,SIX,8,3,BRN HOOD,RB,C-H7,13050,74,0.8825,296,2.939189189,3.209459459,1.486486486,120.22,173.13,5,6,29,14,1,45
Thesis,Thesis,548,7T,733771,731561,AWD294,740865,F,HFD,43533,43556,43581,SIX,4,9,ALBINO,LM,C-C3,11145,74,0.459,226,1.460176991,2.256637168,1.10619469,189.78,108.6,4,5,28,48,8,4
Thesis,Thesis,515,7T,731942,733802,AWD302,740985,F,HFD,43534,43556,43581,SIX,4,12,BRN HOOD,RM,C-C3,11325,77,0.48,206,1.650485437,2.669902913,0.72815534,196.41,103.38,12,13,29,12,0,48
Thesis,Thesis,546,7T,733761,731891,AWD306,740785,F,HFD,43535,43556,43581,SIX,4,14,BROWN,LM,C-D3,13410,70,,231,1.082251082,1.688311688,0.649350649,173.08,126.52,6,7,35,57,1,2
Thesis,Thesis,537,7T,731982,733821,AWD314,740797,F,HFD,43536,43557,43581,SIX,5,9,BRN HOOD,RT,C-D3,14010,80,,218,0.504587156,1.009174312,0.458715596,188.96,109.45,6,7,27,48,8,4
Thesis,Thesis,559,7T,734101,734002,AWD298,740955,F,HFD,43533,43556,43581,SIX,3,9,BLK HOOD,LM,C-E3,14100,70,,216,1.481481481,3.703703704,0.972222222,178.15,115,9,10,28,47,2,11
Thesis,Thesis,507,7T,731712,731821,AWD310,740925,F,HFD,43536,43557,43581,SIX,4,12,ALBINO,RB,C-E3,11812.5,71,,209,1.244019139,2.918660287,0.669856459,174.63,123.02,4,5,39,49,4,7
Thesis,Thesis,508,8T,731522,732031,AWD318,740903,F,HFD,43540,43563,43588,SIX,4,7,BRN HOOD,LM,C-C7,14152.5,76,,208,0.769230769,1.25,0.528846154,186.48,112.57,10,11,28,46,7,7
Thesis,Thesis,504,8T,731922,731671,AWD326,740893,F,HFD,43541,43563,43588,SIX,5,13,ALBINO,RB,C-C-7,16875,72,,230,1.217391304,2.304347826,0.565217391,205.01,93,6,7,32,48,1,10
Thesis,Thesis,516,8T,731562,734112,AWD330,740913,F,HFD,43541,43563,43588,SIX,5,11,ALBINO,LB,C-D7,13725,74,,245,1.632653061,3.551020408,0.734693878,239.52,53.77,5,6,27,44,2,14
Thesis,Thesis,506,8T,731552,731651,AWD338,740882,F,HFD,43542,43563,43588,SIX,5,5,BROWN,RT,C-D7,15495,72,0.424,257,1.712062257,3.774319066,1.478599222,191.68,107.39,6,7,29,38,7,15
Thesis,Thesis,539,8T,732052,734122,AWD322,741003,F,HFD,43540,43563,43588,SIX,3,12,ALBINO,LM,C-E7,17175,77,0.3275,226,1.371681416,2.654867257,1.061946903,233.21,63.13,0,1,32,40,2,18
Thesis,Thesis,530,8T,732322,733762,AWD334,740873,F,HFD,43541,43563,43588,SIX,4,7,BLACK,RT,C-E7,12735,81,0.4995,264,4.356060606,2.840909091,2.007575758,116.14,176.69,6,7,26,22,10,28
Thesis,Thesis,520,9T,731882,734352,AWD342,743624,F,HFD,43603,43626,43637,FOUR,7,11,BRN HOOD,LT,C-F3,15067.5,82,0.8845,269,1.895910781,2.713754647,1.003717472,,,3,4,31,46,6,5
Thesis,Thesis,561,9T,734111,731981,AWD350,743634,F,HFD,43604,43626,43637,FOUR,7,11,BLK HOOD,RM,C-F3,11872.5,84,0.7255,175,0.571428571,0.742857143,0.457142857,,,10,11,28,37,5,18
Thesis,Thesis,545,9T,731872,733792,AWD354,743593,F,HFD,43604,43626,43637,FOUR,7,8,BLK HOOD,LT,C-G3,16410,88,,226,1.725663717,2.876106195,1.10619469,,,4,5,20,24,4,32
Thesis,Thesis,518,9T,732242,732231,AWD362,743743,F,HFD,43607,43628,43637,FOUR,7,10,ALBINO,RM,C-G3,12712.5,79,,237,1.139240506,2.53164557,0.928270042,,,3,4,27,5,0,55
Thesis,Thesis,523,9T,732042,731911,AWD346,743614,F,HFD,43604,43626,43637,FOUR,7,9,BRN HOOD,RT,C-H3,13680,70,,222,1.621621622,3.108108108,0.990990991,250.01,49.95,7,8,35,22,1,37
Thesis,Thesis,606,9T,737042,736991,AWD358,743683,F,HFD,43606,43627,43637,FOUR,2,10,BLACK,LM,C-H3,17092.5,80,,177,0.677966102,1.807909605,0.451977401,115.91,183.89,3,4,26,25,2,33
Thesis,Thesis,528,10T,731362,731841,AWD366,743943,F,HFD,43611,43633,43644,FOUR,7,7,BLACK,LT,C-F7,12112.5,88,0.8315,237,3.122362869,3.755274262,2.067510549,177.39,120.9,8,8,29,12,0,48
Thesis,Thesis,553,10T,734241,732241,AWD372,743953,F,HFD,43611,43633,43644,FOUR,6,9,ALBINO,LT,C-F7,12187.5,67,,218,1.513761468,2.798165138,1.146788991,117.17,180.74,7,8,24,18,0,42
Thesis,Thesis,538,10T,731742,731881,AWD376,743923,F,HFD,43613,43634,43644,FOUR,8,9,BLACK,LB,C-G7,15082.5,76,0.594,274,1.934306569,3.503649635,1.715328467,177.23,122.43,7,8,29,6,0,54
Thesis,Thesis,560,10T,734391,732051,AWD384,744023,F,HFD,43613,43634,43644,FOUR,7,10,ALBINO,LM,C-G7,14160,85,1.133,288,3.402777778,4.444444444,2.361111111,167.32,131.72,7,8,28,24,3,33
Thesis,Thesis,543,10T,731822,731551,AWD380,743933,F,HFD,43613,43634,43644,FOUR,7,12,BRN HOOD,LT,C-H7,11182.5,83,,226,1.327433628,2.212389381,0.92920354,105.36,192.11,5,6,30,31,5,24
Thesis,Thesis,535,10T,731752,732321,AWD386,744011,F,HFD,43614,43635,43644,FOUR,7,12,ALBINO,LC,C-H7,13987.5,68,0.4825,252,2.658730159,4.563492063,2.301587302,144.61,154.18,6,7,34,35,4,21
Thesis,Thesis,635,11T,736982,736871,AWD390,745543,F,HFD,43659,43682,43693,FOUR,5,12,BROWN,LT,C-C3,14850,84,0.877,222,,,,185.25,112.35,17,18,17,19,2,39
Thesis,Thesis,634,11T,737312,737441,AWD398,745563,F,HFD,43660,43682,43693,FOUR,4,13,BLACK,RT,C-C3,11685,74,,203,,,,222.12,76.83,9,10,26,18,2,40
Thesis,Thesis,665,11T,737452,737041,AWD402,745553,F,HFD,43660,43682,43693,FOUR,5,9,ALBINO,LT,C-D3,16027.5,74,,225,,,,228.41,70.53,14,14,19,15,1,44
Thesis,Thesis,641,11T,737562,738061,AWD410,745573,F,HFD,43661,43682,43693,FOUR,5,10,BLK HOOD,LM,C-D3,16672.5,87,,276,,,,141.9,146.62,8,9,23,48,11,1
Thesis,Thesis,630,11T,737012,736901,AWD394,745533,F,HFD,43660,43682,43693,FOUR,5,13,BROWN,RT,C-E3,13312.5,81,,244,,,,186.1,110.78,4,5,40,51,8,1
Thesis,Thesis,721,11T,741562,741981,AWD406,745615,F,HFD,43659,43682,43693,FOUR,1,10,ALBINO,LM,C-E3,13440,71,,245,,,,210.97,88.62,12,13,27,47,10,3
Thesis,Thesis,654,12T,737282,737821,AWD414,745893,F,HFD,43666,43689,43700,FOUR,5,12,BLK HOOD,LT,C-C7,17002.5,79,0.4015,253,,,,221.47,71.34,3,4,23,33,0,27
Thesis,Thesis,621,12T,737402,737671,AWD422,745903,F,HFD,43667,43689,43700,FOUR,5,11,BRN HOOD,RM,C-C7,12007.5,74,0.63,252,,,,253.25,1.75,14,15,23,56,3,1
Thesis,Thesis,625,12T,736912,737231,AWD426,745883,F,HFD,43667,43689,43700,FOUR,5,12,BLACK,LM,C-D7,13687.5,95,0.8305,254,,,,242.48,55.66,13,14,24,58,0,2
Thesis,Thesis,624,12T,737343,737411,AWD434,746013,F,HFD,43669,43690,43700,FOUR,5,8,BLACK,LBRB,C-D7,12060,71,,212,,,,253.82,43.66,19,20,8,56,3,1
Thesis,Thesis,614,12T,736752,737331,AWD418,746003,F,HFD,43666,43689,43700,FOUR,4,9,BRN HOOD,LT,C-E7,11377.5,75,0.43,194,,,,281.85,9.76,5,6,33,55,4,1
Thesis,Thesis,638,12T,736882,737201,AWD430,746023,F,HFD,43668,43689,43700,FOUR,5,14,BROWN,RM,C-E7,15022.5,76,,253,,,,250.4,49.15,4,5,38,45,4,11
Thesis,Thesis,605,13T,736732,737221,AWD438,749093,F,HFD,43738,43760,43784,SIX,7,8,BRN HOOD,LB,C-C3,12690,72,0.4155,203,2.068965517,,0.640394089,165.35,133.74,9,10,20,45,10,5
Thesis,Thesis,737,13T,741482,742051,AWD458,749251,F,HFD,43739,43760,43784,SIX,4,14,BLACK,RM,C-C3,12345,84,0.5075,241,0.995850622,2.033195021,1.078838174,254.56,44.38,11,12,31,49,6,5
Thesis,Thesis,612,13T,736692,737471,AWD448,749213,F,HFD,43739,43760,43784,SIX,7,7,BLACK,LT,C-D3,12435,73,,210,1.047619048,1.619047619,0.857142857,211.3,87.28,3,4,31,46,2,12
Thesis,Thesis,656,13T,737322,736861,AWD454,749163,F,HFD,43739,43760,43784,SIX,7,8,BROWN,RM,C-D3,14205,73,1.1365,237,1.64556962,2.869198312,1.392405063,190.92,97.72,22,22,28,36,5,19
Thesis,Thesis,702,13T,741892,741401,AWD442,749143,F,HFD,43738,43760,43784,SIX,4,12,ALBINO,LM,C-E3,12967.5,74,0.4235,227,0.704845815,1.497797357,0.528634361,241.98,55.41,12,13,36,37,1,22
Thesis,Thesis,618,13T,737062,736681,AWD450,749171,F,HFD,43739,43760,43784,SIX,8,8,BLACK,RT,C-E3,13447.5,76,,250,0.96,1.4,0.6,205.1,94.64,11,12,18,55,3,1
Thesis,Thesis,643,14T,737252,737831,AWD458,749423,F,HFD,43743,43766,43791,SIX,4,8,BRN HOOD,LT,C-C7,,,,231,0.476190476,0.909090909,0.432900433,239.82,58.08,12,13,25,50,0,10
Thesis,Thesis,662,14T,737442,737342,AWD466,749473,F,HFD,43743,43766,43791,SIX,8,9,BLACK,LT,C-C7,,,,215,0.930232558,1.627906977,0.604651163,207.8,86.98,17,17,19,55,0,5
Thesis,Thesis,613,14T,736742,736881,AWD470,749513,F,HFD,43745,43766,43791,SIX,8,12,BROWN,LT,C-D7,,,0.5605,251,1.952191235,3.187250996,1.394422311,182.89,115.79,17,18,20,29,0,31
Thesis,Thesis,616,14T,736712,737421,AWD478,749503,F,HFD,43746,43767,43791,SIX,8,10,ALBINO,RT,C-D7,,,0.4055,286,2.587412587,4.265734266,1.538461538,182.93,112.8,4,5,30,33,0,27
Thesis,Thesis,661,14T,737272,736761,AWD462,749405,F,HFD,43743,43766,43791,SIX,7,12,BRN HOOD,LB,C-E7,,,0.634,209,0.669856459,1.196172249,0.38277512,237.65,56.37,4,5,35,39,1,20
Thesis,Thesis,607,14T,736662,737191,AWD474,749483,F,HFD,43746,43767,43791,SIX,8,11,BROWN,RC,C-E7,,,0.295,236,1.737288136,3.559322034,1.525423729,233.5,62.47,8,9,36,43,3,14
Thesis,Thesis,707,15T,741402,742041,AWD482,751792,F,HFD,43793,43815,,SIX,5,10,BROWN,LT,C-F3,,,,,,,,232.9,66.28,7,8,24,,,
Thesis,Thesis,701,15T,741552,742071,AWD490,751785,F,HFD,43794,43815,,SIX,5,5,BLK HOOD,RM,C-F3,,,,,,,,137.41,157.71,8,9,26,,,
Thesis,Thesis,710,15T,741952,742281,AWD494,751943,F,HFD,43795,43816,,SIX,6,13,BROWN,LM,C-G3,,,,,,,,199.34,98.12,12,13,23,,,
Thesis,Thesis,0751B,15T,741872,741341,AWD502,751953,F,HFD,43795,43816,,SIX,6,5,BLACK,RB,C-G3,,,,,,,,181.47,116.7,7,8,29,,,
Thesis,Thesis,741,15T,741332,741801,AWD486,751774,F,HFD,43793,43815,,SIX,5,7,BRN HOOD,LT,C-H3,,,,,,,,219.12,79.79,4,5,29,,,
Thesis,Thesis,730,15T,743392,741661,AWD498,751933,F,HFD,43795,43816,,SIX,6,10,BLACK,RT,C-H3,,,,,,,,238.43,57.37,10,11,28,,,
Thesis,Thesis,717,16T,741352,741171,AWD506,752123,F,HFD,43800,43822,,SIX,7,11,BLACK,LT,C-F7,,,,,,,,182.27,112.77,11,12,33,,,
Thesis,Thesis,732,16T,741232,741151,AWD514,752143,F,HFD,43801,43822,,SIX,7,6,ALBINO,RM,C-F7,,,,,,,,255.66,42.8,15,16,21,,,
Thesis,Thesis,761,16T,741772,741251,AWD518,752163,F,HFD,43801,43822,,SIX,6,10,BLACK,LMRM,C-G7,,,,,,,,175.06,119.55,7,8,27,,,
Thesis,Thesis,764,16T,741122,741351,AWD526,752433,F,HFD,43802,43822,,SIX,7,10,BRN HOOD,LB,C-G7,,,,,,,,235.59,60.91,8,9,32,,,
Thesis,Thesis,756,16T,741692,741971,AWD510,752133,F,HFD,43800,43822,,SIX,3,10,BROWN,RB,C-H7,,,,,,,,216.57,81.32,12,13,33,,,
Thesis,Thesis,704,16T,742022,741271,AWD522,752343,F,HFD,43802,43822,,SIX,6,12,BLACK,LM,C-H7,,,,,,,,224.83,72.71,6,7,25,,,
Thesis,Thesis,338,1T,726192,726211,AWD195,734527,F,LFD,43360,43380,43406,SIX,9,8,BROWN HOOD,LM,C-F4,11932.5,73,0.645,246,1.869918699,0.487804878,0.731707317,191.99,101.28,8,9,27,51,4,5
Thesis,Thesis,448,1T,722921,733112,AWD218,734636,F,LFD,43339,43384,43406,SIX,2,12,BLACK HOOD,LC,C-F4,12562.5,75,,225,0.977777778,0.533333333,0.622222222,170.59,129.1,6,7,32,50,2,8
Thesis,Thesis,343,1T,726212,725383,AWD203,734577,F,LFD,43360,43381,43406,SIX,7,9,BROWN,LT,C-G4,12682.5,86,,247,1.619433198,1.052631579,0.647773279,193.37,106.24,19,20,26,39,9,12
Thesis,Thesis,405,1T,728711,729521,AWD211,734587,F,LFD,43360,43381,43406,SIX,3,13,BLACK HOOD,LCRB,C-G4,12420,81,,238,2.18487395,1.428571429,1.176470588,144.03,154.97,4,5,38,24,11,25
Thesis,Thesis,405,1T,728711,729521,AWD210,734586,F,LFD,43360,43381,43406,SIX,3,13,BLACK HOOD,RT,C-H4,10515,66,,214,1.308411215,1.028037383,0.747663551,75.5,216.33,10,11,24,25,13,22
Thesis,Thesis,448,1T,722921,733112,AWD217,734635,F,LFD,43339,43384,43406,SIX,2,12,BROWN HOOD,RT,C-H4,13627.5,81,,226,2.654867257,1.150442478,1.061946903,158.32,141.4,10,11,21,40,6,14
Thesis,Thesis,408,2T,727772,728081,AWD226,734674,F,LFD,43366,43388,43413,SIX,4,13,BLACK,LT,C-F8,11317.5,71,,232,1.034482759,0.862068966,0.517241379,220.53,77.1,5,6,34,43,4,13
Thesis,Thesis,447,2T,733121,733091,AWD234,734734,F,LFD,43367,43388,43413,SIX,2,15,BROWN HOOD,LM,C-F8,10957.5,67,,190,1.368421053,1.263157895,0.736842105,141.94,156.53,4,5,31,42,3,15
Thesis,Thesis,330,2T,725955,725391,AWD230,734726,F,LFD,43367,43388,43413,SIX,7,8,BLACK HOOD,LTRB,C-G8,11715,70,,193,0.725388601,0.829015544,0.414507772,178.94,121,10,11,29,22,2,36
Thesis,Thesis,401,2T,728661,727723,AWD242,734784,F,LFD,43368,43389,43413,SIX,4,11,BROWN HOOD,RC,C-G8,11377.5,63,,249,0.963855422,0.803212851,0.481927711,250.5,49.35,6,7,35,45,3,12
Thesis,Thesis,331,2T,725964,726241,AWD222,734714,F,LFD,43366,43388,43413,SIX,8,7,BLACK HOOD,LTRT,C-H8,11610,69,,213,1.784037559,1.220657277,0.845070423,208.16,88.58,5,6,29,54,3,3
Thesis,Thesis,335,2T,726252,726561,AWD238,734763,F,LFD,43368,43389,43413,SIX,8,7,BROWN HOOD,LC,C-H8,11865,68,,217,0.829493088,0.64516129,0.552995392,211.59,87.81,16,17,25,56,3,1
Thesis,Thesis,431,3T,727992,729031,AWD199,7362510,F,LFD,43416,43437,43462,SIX,5,13,BLACK,LB,C-D4,11107.5,65,,232,0.818965517,2.025862069,0.732758621,253.53,46.32,9,10,29,54,1,5
Thesis,Thesis,416,3T,727942,727901,AWD211,7363110,F,LFD,43418,43439,43462,SIX,5,11,ALBINO,RT,C-D4,8737.5,64,,211,1.279620853,1.848341232,0.521327014,253.84,45.82,9,10,21,49,8,3
Thesis,Thesis,452,3T,733421,733401,AWD214,736946,F,LFD,43418,43439,43462,SIX,4,10,BROWN ,LT,C-E4,13777.5,71,1.02,212,1.179245283,1.556603774,0.896226415,246.72,53.21,10,11,30,31,0,29
Thesis,Thesis,443,3T,727934,727791,AWD218,7363310,F,LFD,43419,43440,43462,SIX,4,11,ALBINO,RM,C-E4,14595,71,,219,1.00456621,1.598173516,0.639269406,230.98,68.54,8,8,20,43,0,15
Thesis,Thesis,450,4T,733271,733251,AWD226,737074,F,LFD,43421,43442,43469,SIX,4,9,BLACK,LM,C-C8,13620,81,,201,0.597014925,1.243781095,0.746268657,171.76,127.73,47,47,28,42,2,14
Thesis,Thesis,438,4T,727912,727801,AWD234,736544,F,LFD,43423,43445,43469,SIX,6,11,BLACK,RT,C-C8,14085,79,,202,0.891089109,2.277227723,0.792079208,127.35,171.9,45,46,27,21,6,33
Thesis,Thesis,463,4T,733582,733542,AWD222,736394,F,LFD,43422,43442,43469,SIX,3,11,BROWN,LM,C-D8,13215,89,,259,1.698841699,2.77992278,1.351351351,160.17,139.15,27,28,45,45,0,15
Thesis,Thesis,454,4T,733541,733521,AWD238,736444,F,LFD,43424,43445,43469,SIX,3,14,BRN HOOD,RT,C-D8,10957.5,78,,217,1.382488479,3.31797235,1.105990783,207.68,92.02,43,44,38,11,2,47
Thesis,Thesis,402,4T,728072,729351,AWD230,736424,F,LFD,43423,43445,43469,SIX,5,5,BRN HOOD,LM,C-E8,11415,76,0.368,223,1.390134529,2.600896861,1.34529148,142.51,157.09,42,43,55,54,0,6
Thesis,Thesis,419,4T,727872,727763,AWD242,736534,F,LFD,43425,43446,43469,SIX,5,11,BLACK,RC,C-E8,9705,73,,239,0.460251046,1.087866109,0.50209205,160.46,139.5,43,44,24,57,3,0
Thesis,Thesis,441,5T,728062,727813,AWD255,738294,F,LFD,43471,43493,43518,SIX,7,11,BRN HOOD,LB,C-F4,13455,83,,227,0.748898678,1.40969163,0.792951542,155.21,142.42,4,5,28,48,7,5
Thesis,Thesis,428,5T,728082,727733,AWD263,738574,F,LFD,43475,43496,43518,SIX,6,8,BLK HOOD,RC,C-F4,10537.5,67,0.193,220,1.181818182,2,0.909090909,154,141.76,7,8,29,51,8,1
Thesis,Thesis,555,5T,733801,732091,AWD247,738374,F,LFD,43470,43493,43518,SIX,2,12,ALBINO,LM,C-G4,9855,67,0.2615,182,1.428571429,1.978021978,1.208791209,101.65,197.81,10,11,37,13,0,47
Thesis,Thesis,461,5T,733092,733472,AWD267,738504,F,LFD,43475,43496,43518,SIX,6,11,BLK HOOD,RB,C-G4,12052.5,68,2.2005,247,1.174089069,1.983805668,0.728744939,239.15,60.04,5,6,33,58,0,2
Thesis,Thesis,433,5T,728012,727933,AWD251,738334,F,LFD,43471,43493,43518,SIX,6,9,BRN HOOD,LT,C-H4,9540,58,,244,0.655737705,1.475409836,0.614754098,240.59,58.92,13,14,30,44,7,8
Thesis,Thesis,449,5T,733191,733171,AWD259,738494,F,LFD,43474,43495,43518,SIX,5,10,BLK HOOD,RT,C-H4,12555,70,,213,1.361502347,2.20657277,1.03286385,230.01,68.37,7,8,29,48,1,11
Thesis,Thesis,436,6T,728052,727771,AWD283,738712,F,LFD,43479,43500,43525,SIX,8,3,ALBINO,RM,C-F8,10440,70,0.809,253,1.85770751,3.083003953,1.146245059,143,155.98,6,7,33,12,0,48
Thesis,Thesis,425,6T,729792,728021,AWD287,738684,F,LFD,43480,43501,43525,SIX,8,13,BLK HOOD,LT,C-F8,13357.5,67,0.8195,229,0.262008734,0.436681223,0.174672489,153.49,146.15,26,26,12,50,6,4
Thesis,Thesis,412,6T,727792,727921,AWD271,738544,F,LFD,43477,43500,43525,SIX,8,7,BROWN,LT,C-G8,11047.5,67,,224,0.580357143,1.5625,0.714285714,139.84,157.29,6,7,30,51,0,9
Thesis,Thesis,455,6T,733601,733581,AWD279,738594,F,LFD,43477,43500,43525,SIX,6,13,BRN HOOD,RT,C-G8,10995,67,,206,1.262135922,1.40776699,0.72815534,107.52,192.44,10,11,24,40,2,12
Thesis,Thesis,414,6T,727802,728091,AWD275,738604,F,LFD,43477,43500,43525,SIX,8,6,ALBINO,RT,C-H8,14392.5,81,0.555,234,1.111111111,1.666666667,0.897435897,230.03,67.61,11,12,23,51,4,5
Thesis,Thesis,430,6T,728092,727851,AWD291,738694,F,LFD,43480,43501,43525,SIX,7,11,BLK HOOD,LM,C-H8,12435,78,0.5565,246,1.382113821,2.479674797,1.178861789,90.72,205.13,15,16,36,48,11,1
Thesis,Thesis,559,7T,734101,734002,AWD299,740956,F,LFD,43533,43556,43581,SIX,3,9,BLK HOOD,RT,C-C4,12240,67,0.4835,206,1.893203883,3.009708738,1.359223301,197.53,99.38,7,8,30,20,0,40
Thesis,Thesis,546,7T,733761,731891,AWD307,740786,F,LFD,43535,43556,43581,SIX,4,14,BROWN,LB,C-C4,10665,66,,214,0.700934579,1.168224299,0.654205607,214.86,82.26,6,7,27,48,3,9
Thesis,Thesis,548,7T,733771,731561,AWD295,740866,F,LFD,43533,43556,43581,SIX,4,9,ALBINO,RM,C-D4,10717.5,66,0.461,201,1.641791045,3.333333333,1.194029851,158.3,135.45,7,8,30,45,13,2
Thesis,Thesis,507,7T,731712,731821,AWD311,740926,F,LFD,43536,43557,43581,SIX,4,12,BROWN,LT,C-D4,9495,64,0.496,200,0.8,1.4,0.4,156.92,139.7,5,6,40,40,12,8
Thesis,Thesis,515,7T,731942,733802,AWD303,740986,F,LFD,43534,43556,43581,SIX,4,12,BLK HOOD,LT,C-E4,12825,79,,219,0.821917808,1.278538813,0.821917808,181.72,117.3,8,9,30,31,2,27
Thesis,Thesis,537,7T,731982,733821,AWD315,740798,F,LFD,43536,43557,43581,SIX,5,9,BROWN,RM,C-E4,11775,77,0.285,219,1.00456621,1.96347032,1.141552511,149.72,147.42,12,13,22,31,11,18
Thesis,Thesis,539,8T,732052,734122,AWD323,741004,F,LFD,43540,43563,43588,SIX,3,12,ALBINO,RT,C-C8,12757.5,82,,221,0.7239819,1.221719457,0.7239819,195.95,103.84,8,9,30,47,6,7
Thesis,Thesis,516,8T,731562,734112,AWD331,740914,F,LFD,43541,43563,43588,SIX,5,11,ALBINO,LC,C-C8,12450,58,0.4985,234,1.324786325,2.64957265,0.854700855,204.12,92.9,5,6,30,48,11,1
Thesis,Thesis,508,8T,731522,732031,AWD319,740904,F,LFD,43540,43563,43588,SIX,4,7,BRN HOOD,RM,C-D8,14392.5,76,,224,0.491071429,0.625,0.357142857,290.66,7.28,3,4,34,51,0,9
Thesis,Thesis,530,8T,732322,733762,AWD335,740874,F,LFD,43541,43563,43588,SIX,4,7,BLACK,LT,C-D8,14842.5,78,0.42,230,0.956521739,2.130434783,0.913043478,170.71,128.45,3,4,32,40,1,19
Thesis,Thesis,504,8T,731922,731671,AWD327,740894,F,LFD,43541,43563,43588,SIX,5,13,ALBINO,LT,C-E8,9982.5,69,,175,0.628571429,1.142857143,0.571428571,206.71,89.54,4,5,34,34,8,18
Thesis,Thesis,506,8T,731552,731651,AWD339,740883,F,LFD,43542,43563,43588,SIX,5,5,BROWN,RM,C-E8,13815,71,,237,1.603375527,3.755274262,1.181434599,96.04,197.36,7,8,36,9,5,46
Thesis,Thesis,523,9T,732042,731911,AWD347,743615,F,LFD,43604,43626,43637,FOUR,7,9,BROWN,LM,C-F4,12142.5,73,,210,0.571428571,1.238095238,0.380952381,,,15,16,26,16,1,43
Thesis,Thesis,545,9T,731872,733792,AWD355,743594,F,LFD,43604,43626,43637,FOUR,7,8,ALBINO,RT,C-F4,12795,83,,242,0.991735537,1.487603306,0.909090909,,,8,9,32,45,7,8
Thesis,Thesis,520,9T,731882,734352,AWD343,743625,F,LFD,43603,43626,43637,FOUR,7,11,BROWN,LT,C-G4,11707.5,64,,228,1.052631579,2.149122807,0.789473684,231.26,66.59,9,10,29,41,0,19
Thesis,Thesis,606,9T,737042,736991,AWD359,743684,F,LFD,43606,43627,43637,FOUR,2,10,BLACK,RM,C-G4,11850,80,,178,0.224719101,0.449438202,0.280898876,148.2,145.58,9,10,30,32,5,23
Thesis,Thesis,561,9T,734111,731981,AWD351,743635,F,LFD,43604,43626,43637,FOUR,7,11,BRN HOOD,LM,C-H4,11415,69,0.4695,202,0.792079208,1.584158416,0.544554455,176.53,117.84,10,11,36,13,4,43
Thesis,Thesis,518,9T,732242,732231,AWD363,743744,F,LFD,43607,43628,43637,FOUR,7,10,BLK HOOD,RB,C-H4,11647.5,71,0.4365,288,1.423611111,2.430555556,0.763888889,201.6,97.22,7,8,34,38,3,19
Thesis,Thesis,538,10T,731742,731881,AWD377,743924,F,LFD,43613,43634,43644,FOUR,8,9,BLACK,LC,C-F8,12337.5,76,0.5555,240,1.083333333,1.875,1.041666667,169.56,126.18,9,10,25,37,1,22
Thesis,Thesis,535,10T,731752,732321,AWD387,744012,F,LFD,43614,43635,43644,FOUR,7,12,BLK HOOD,LT,C-F8,9990,69,,220,2.272727273,3.545454545,1.727272727,148.46,146.18,9,10,9,1,0,59
Thesis,Thesis,528,10T,731362,731841,AWD367,743944,F,LFD,43611,43633,43644,FOUR,7,7,BROWN,LT,C-G8,11332.5,70,,196,1.020408163,1.93877551,1.12244898,225.23,71.02,7,8,30,26,2,32
Thesis,Thesis,543,10T,731822,731551,AWD381,743934,F,LFD,43613,43634,43644,FOUR,7,12,BRN HOOD,LM,C-G8,10822.5,64,,210,0.80952381,1.619047619,0.80952381,190.18,106.23,0,1,1,49,1,10
Thesis,Thesis,553,10T,734241,732241,AWD373,743954,F,LFD,43611,43633,43644,FOUR,6,9,BLACK,LM,C-H8,11820,75,0.59,226,1.592920354,2.787610619,1.327433628,262.11,36.2,7,8,21,35,12,13
Thesis,Thesis,560,10T,734391,732051,AWD385,744024,F,LFD,43613,43634,43644,FOUR,7,10,ALBINO,LB,C-H8,13582.5,67,,191,0.418848168,0.680628272,0.418848168,235.58,59.76,5,6,6,45,5,10
Thesis,Thesis,630,11T,737012,736901,AWD395,745534,F,LFD,43660,43682,43693,FOUR,5,13,BROWN,LM,C-C4,11992.5,69,,236,,,,220.39,78.55,6,7,28,33,8,19
Thesis,Thesis,665,11T,737452,737041,AWD403,745554,F,LFD,43660,43682,43693,FOUR,5,9,BLK HOOD,RT,C-C4,10597.5,65,,237,,,,165.38,133.82,6,7,31,38,6,16
Thesis,Thesis,635,11T,736982,736871,AWD391,745544,F,LFD,43659,43682,43693,FOUR,5,12,BLACK,LT,C-D4,14707.5,70,,223,,,,182.5,115.22,4,5,27,3,0,57
Thesis,Thesis,721,11T,741562,741981,AWD407,745616,F,LFD,43659,43682,43693,FOUR,1,10,ALBINO,RT,C-D4,10252.5,62,0.476,204,,,,91.43,207.1,4,5,34,47,0,12
Thesis,Thesis,634,11T,737312,737441,AWD399,745564,F,LFD,43660,43682,43693,FOUR,4,13,BLACK,LM,C-E4,8362.5,68,,209,,,,151.99,139.63,6,7,28,35,3,22
Thesis,Thesis,641,11T,737562,738061,AWD411,745574,F,LFD,43661,43682,43693,FOUR,5,10,BLK HOOD,RB,C-E4,11092.5,73,0.4225,261,,,,175.81,123.65,11,12,28,54,3,2
Thesis,Thesis,614,12T,736752,737331,AWD419,746004,F,LFD,43666,43689,43700,FOUR,4,9,BRN HOOD,LM,C-C8,9435,64,,199,,,,290.11,2.8,10,11,32,39,2,19
Thesis,Thesis,625,12T,736912,737231,AWD427,745884,F,LFD,43667,43689,43700,FOUR,5,12,ALBINO,RT,C-C8,11550,77,,214,,,,265.22,29.19,11,12,25,52,4,4
Thesis,Thesis,654,12T,737282,737821,AWD415,745894,F,LFD,43666,43689,43700,FOUR,5,12,BLACK,LT,C-D8,15352.5,82,0.52,228,,,,169.49,123.38,3,4,33,27,2,31
Thesis,Thesis,638,12T,736882,737201,AWD431,746024,F,LFD,43668,43689,43700,FOUR,5,14,BROWN,RB,C-D8,11437.5,68,0.5755,215,,,,278.36,17.99,4,5,33,38,0,22
Thesis,Thesis,621,12T,737402,737671,AWD423,745904,F,LFD,43667,43689,43700,FOUR,5,11,BLK HOOD,LM,C-E8,9082.5,64,0.549,221,,,,210.16,84.58,9,10,30,30,8,22
Thesis,Thesis,624,12T,737343,737411,AWD435,746014,F,LFD,43669,43690,43700,FOUR,5,8,BLACK,RT,C-E8,8782.5,66,0.375,223,,,,181.72,112.77,3,4,35,56,4,0
Thesis,Thesis,702,13T,741892,741401,AWD443,749144,F,LFD,43738,43760,43784,SIX,4,12,BFROWN,LM,C-C4,12367.5,65,,239,0.962343096,1.548117155,0.753138075,207.49,90.71,6,7,34,45,6,9
Thesis,Thesis,612,13T,736692,737471,AWD449,749214,F,LFD,43739,43760,43784,SIX,7,7,ALBINO,RM,C-C4,8707.5,65,,217,0.737327189,1.566820276,0.737327189,209.04,85.25,6,7,24,58,0,2
Thesis,Thesis,605,13T,736732,737221,AWD439,749094,F,LFD,43738,43760,43784,SIX,7,8,BRN HOOD,RT,C-D4,10560,65,0.899,187,0.320855615,0.64171123,0.213903743,197.08,98.01,3,4,23,41,0,18
Thesis,Thesis,618,13T,737062,736681,AWD451,749172,F,LFD,43739,43760,43784,SIX,8,8,BROWN,LM,C-D4,15660,82,,248,1.370967742,2.137096774,1.129032258,273.69,23.76,2,3,36,43,3,13
Thesis,Thesis,737,13T,741482,742051,AWD459,749252,F,LFD,43739,43760,43784,SIX,4,14,BLK HOOD,RM,C-E4,10920,72,,230,1.043478261,1.782608696,1,186.59,110.74,7,8,25,38,0,22
Thesis,Thesis,656,13T,737322,736861,AWD455,749164,F,LFD,43739,43760,43784,SIX,7,8,ALBINO,LT,C-E4,13815,75,0.3835,214,1.121495327,1.91588785,0.607476636,204.83,90.73,10,11,27,37,1,22
Thesis,Thesis,661,14T,737272,736761,AWD463,749406,F,LFD,43743,43766,43791,SIX,7,12,BLK HOOD,RM,C-C8,,,,224,0.714285714,1.383928571,0.982142857,208.2,90.84,4,5,26,48,0,12
Thesis,Thesis,613,14T,736742,736881,AWD471,749514,F,LFD,43745,43766,43791,SIX,8,12,BROWN,LB,C-C8,,,,202,0.742574257,1.386138614,0.792079208,152.92,134.14,12,13,25,42,2,16
Thesis,Thesis,643,14T,737252,737831,AWD459,749424,F,LFD,43743,43766,43791,SIX,4,8,BROWN,LM,C-D8,,,,227,0.748898678,1.497797357,0.572687225,239.3,57.86,19,20,19,44,1,15
Thesis,Thesis,607,14T,736662,737191,AWD475,749484,F,LFD,43746,43767,43791,SIX,8,11,ALBINO,RM,C-D8,,,,243,0.658436214,1.275720165,0.534979424,235.67,59.72,8,9,30,46,4,10
Thesis,Thesis,662,14T,737442,737342,AWD467,749474,F,LFD,43743,43766,43791,SIX,8,9,BLACK,LM,C-E8,,,,184,0.326086957,0.489130435,0.434782609,241.76,34.53,5,6,24,46,2,12
Thesis,Thesis,616,14T,736712,737421,AWD479,749504,F,LFD,43746,43767,43791,SIX,8,10,ALBINO,RB,C-E8,,,0.9625,244,1.639344262,3.073770492,0.983606557,263.61,29.88,9,10,26,33,9,18
Thesis,Thesis,741,15T,741332,741801,AWD487,751775,F,LFD,43793,43815,,SIX,5,7,ALBINO,LM,C-F4,,,,,,,,279.7,18.22,6,7,29,,,
Thesis,Thesis,710,15T,741952,742281,AWD495,751944,F,LFD,43795,43816,,SIX,6,13,BRN HOOD,RT,C-F4,,,,,,,,250.85,47.28,1,2,28,,,
Thesis,Thesis,707,15T,741402,742041,AWD483,751793,F,LFD,43793,43815,,SIX,5,10,ALBINO,LT,C-G4,,,,,,,,155.15,143.91,13,14,23,,,
Thesis,Thesis,730,15T,743392,741661,AWD499,751934,F,LFD,43795,43816,,SIX,6,10,BLACK,RM,C-G4,,,,,,,,224.81,72.98,11,12,32,,,
Thesis,Thesis,0751B,15T,741872,741341,AWD503,751954,F,LFD,43795,43816,,SIX,6,5,BROWN,LB,C-H4,,,,,,,,219.13,71.57,5,6,29,,,
Thesis,Thesis,701,15T,745282,747632,AWD491,751906,F,LFD,43793,43815,,SIX,1,10,BLK HOOD,RT,C-H4,,,,,,,,222.83,69.79,5,6,34,,,
Thesis,Thesis,756,16T,741692,741971,AWD511,752134,F,LFD,43800,43822,,SIX,3,10,ALBINO,LB,C-F8,,,,,,,,232.21,66.93,9,10,26,,,
Thesis,Thesis,761,16T,741772,741251,AWD519,752164,F,LFD,43801,43822,,SIX,6,10,BRN HOOD,LMRM,C-F8,,,,,,,,226.71,67.32,14,15,19,,,
Thesis,Thesis,717,16T,741352,741171,AWD507,752124,F,LFD,43800,43822,,SIX,7,11,BRN HOOD,LM,C-G8,,,,,,,,231.98,63.52,2,3,31,,,
Thesis,Thesis,704,16T,742022,741271,AWD523,752344,F,LFD,43802,43822,,SIX,6,12,BLACK,RB,C-G8,,,,,,,,116.78,176.44,5,6,39,,,
Thesis,Thesis,732,16T,741232,741151,AWD515,752144,F,LFD,43801,43822,,SIX,7,6,ALBINO,LM,C-H8,,,,,,,,195.6,99.88,8,9,32,,,
Thesis,Thesis,764,16T,741122,741351,AWD527,752434,F,LFD,43802,43822,,SIX,7,10,BROWN,RM,C-H8,,,,,,,,173.12,126,9,10,28,,,
Pre,Ozzy,56,2O,,,,713895,M,LFD,,,,SIX,,8,,,,14025,78,1.3135,320,2.309375,2.040625,,,,,,,,,
Pre,Ozzy,25,2O,,,,719283,M,HFD,,,,SIX,,11,,,,14812.5,,3.9525,362,3.566298343,2.342541436,,,,,,,,,
Pre,Ozzy,39,2O,,,,719382,M,HFD,,,,SIX,,12,,,,17872.5,98,4.012,576,4.206597222,3.133680556,,,,,,,,,
Pre,Ozzy,41,2O,,,,719442,M,LFD,,,,SIX,,6,,,,13770,110,1.1975,402,2.711442786,1.019900498,,,,,,,,,
Pre,Ozzy,31,2O,,,,719513,M,HFD,,,,SIX,,4,,,,14355,103,1.575,404,3.611386139,2.737623762,,,,,,,,,
Pre,Ozzy,54,2O,,,,719543,M,HFD,,,,SIX,,10,,,,18840,102,3.3195,443,4.541760722,2.46275395,,,,,,,,,
Pre,Ozzy,40,3O,,,,719673,M,LFD,,,,SIX,,10,,,,15690,99,2.8785,387,4.552971576,2.552971576,1.620155039,,,,,,24,13,23
Pre,Ozzy,42,3O,,,,719693,M,HFD,,,,SIX,,11,,,,19762.5,158,1.8155,389,2.426735219,1.311053985,1.205655527,,,,,,14,46,0
Pre,Ozzy,50,3O,,,,719713,M,HFD,,,,SIX,,7,,,,16995,129,2.1185,364,2.049450549,2.167582418,1.384615385,,,,,,21,5,34
Pre,Ozzy,36,3O,,,,719813,M,LFD,,,,SIX,,8,,,,16245,129,2.6235,411,3.708029197,2.542579075,1.622871046,,,,,,13,9,38
Pre,Ozzy,43,4O,,,,719933,M,LFD,,,,SIX,,12,,,,14520,,,335,2.689552239,2.23880597,1.388059701,,,,,,44,13,3
Pre,Ozzy,33,3O,,,,719963,M,HFD,,,,SIX,,6,,,,14902.5,100,4.0445,403,2.401985112,1.657568238,0.933002481,,,,,,47,10,3
Pre,Ozzy,23,3O,,,,720073,M,HFD,,,,SIX,,7,,,,18412.5,137,6.3995,545,5.110091743,2.99266055,1.647706422,,,,,,25,22,13
Pre,Ozzy,52,4O,,,,720153,M,HFD,,,,SIX,,9,,,,18060,,,444,3.905405405,3.168918919,1.545045045,,,,,,43,1,16
Pre,Ozzy,53,4O,,,,720163,M,HFD,,,,SIX,,8,,,,18112.5,,,397,2.992443325,2.528967254,1.04534005,,,,,,38,18,4
Pre,Ozzy,51,4O,,,,720175,M,HFD,,,,SIX,,12,,,,18007.5,,,435,3.983908046,2.510344828,1.657471264,,,,,,40,7,12
Pre,Ozzy,47,4O,,,,720303,M,LFD,,,,SIX,,12,,,,14745,,,403,2.632754342,1.868486352,0.945409429,,,,,,38,15,7
Pre,Ozzy,49,4O,,,,720313,M,HFD,,,,SIX,,9,,,,16672.5,,,488,5.758196721,2.522540984,2.409836066,,,,,,5,13,42
Pre,Ozzy,27,5O,,,,720771,M,LFD,,,,SIX,,4,,,,13515,106,0.711,398,2.505025126,2.608040201,1.253768844,,,,,,36,5,19
Pre,Ozzy,26,5O,,,,720821,M,HFD,,,,SIX,,5,,,,16320,112,3.765,399,3.117794486,2.165413534,1.338345865,,,,,,24,5,31
Pre,Ozzy,30,5O,,,,720891,M,LFD,,,,SIX,,11,,,,13912.5,106,1.6865,312,2.211538462,2.641025641,1.144230769,,,,,,30,6,24
Pre,Ozzy,37,5O,,,,720971,M,HFD,,,,SIX,,7,,,,16575,123,5.1255,404,3.074257426,2.262376238,1.517326733,,,,,,10,33,17
Pre,Ozzy,55,5O,,,,721031,M,HFD,,,,SIX,,7,,,,16515,115,0.755,346,3.716763006,2.858381503,1.24566474,,,,,,30,15,15
Pre,Ozzy,44,5O,,,,721081,M,HFD,,,,SIX,,5,,,,14910,107,1.057,420,3.685714286,2.866666667,1.288095238,,,,,,36,15,9
Pre,Ozzy,34,6O,,,,721231,M,LFD,,,,SIX,,7,,,,13612.5,107,1.168,327,3.694189602,2.464831804,1.629969419,,,,,,6,8,46
Pre,Ozzy,38,6O,,,,721263,M,HFD,,,,SIX,,9,,,,15067.5,117,0.5985,439,3.043280182,1.767653759,0.997722096,,,,,,43,4,13
Pre,Ozzy,57,6O,,,,721293,M,LFD,,,,SIX,,11,,,,17910,124,1.2485,446,3.334080717,3.289237668,1.560538117,,,,,,32,4,24
Pre,Ozzy,48,6O,,,,721303,M,HFD,,,,SIX,,6,,,,22987.5,109,0.8335,392,4.091836735,2.525510204,1.844387755,,,,,,41,11,8
Pre,Ozzy,24,6O,,,,721431,M,HFD,,,,SIX,,9,,,,16012.5,124,1.7185,371,3.652291105,2.754716981,1.541778976,,,,,,28,2,30
Pre,Ozzy,22,6O,,,,721451,M,HFD,,,,SIX,,8,,,,,,,359,2.955431755,1.688022284,0.883008357,,,,,,38,14,8
Pre,Ozzy,46,7O,,,,721573,M,LFD,,,,SIX,,11,,,,19575,93,1.3745,400,2.125,1.8625,0.9475,,,,,,43,17,0
Pre,Ozzy,28,7O,,,,721811,M,HFD,,,,SIX,,7,,,,17745,97,2.9595,403,4.553349876,4.712158809,2.131513648,,,,,,21,6,33
Pre,Ozzy,21,7O,,,,721851,M,HFD,,,,SIX,,7,,,,16672.5,104,2.465,453,4.114790287,3.379690949,1.750551876,,,,,,13,10,37
Pre,Ozzy,29,7O,,,,721861,M,LFD,,,,SIX,,5,,,,21270,107,1.5165,431,2.740139211,3.192575406,1.313225058,,,,,,33,13,14
Pre,Ozzy,32,7O,,,,721883,M,HFD,,,,SIX,,6,,,,19522.5,96,2.248,474,5.318565401,4.331223629,1.82278481,,,,,,16,6,38
Pre,Ozzy,35,7O,,,,721901,M,HFD,,,,SIX,,12,,,,19680,103,4.041,472,4.050847458,2.353813559,2.076271186,,,,,,20,1,39
Pre,Ozzy,20,9O,,,,725273,M,HFD,,,,SIX,,1,,,,16500,100,1.4525,337,2.109792285,1.403560831,1.029673591,,,,,,48,0,12
Pre,Ozzy,20,9O,,,,725274,M,LFD,,,,SIX,,1,,,,14055,75,0.649,314,1.257961783,1.082802548,0.770700637,,,,,,48,1,5
Pre,Ozzy,19,9O,,,,725296,M,HFD,,,,SIX,,1,,,,,93,0.488,309,2.184466019,1.96763754,1.1197411,,,,,,46,0,14
Pre,Ozzy,19,9O,,,,725297,M,LFD,,,,SIX,,1,,,,15277.5,92,1.074,338,2.062130178,1.810650888,0.976331361,,,,,,45,3,12
Pre,Ozzy,17,9O,,,,725307,M,HFD,,,,SIX,,1,,,,16102.5,106,0.467,328,2.146341463,2.021341463,1.097560976,,,,,,55,0,5
Pre,Ozzy,17,9O,,,,725308,M,HFD,,,,SIX,,1,,,,16762.5,98,3.3285,351,2.225071225,1.746438746,1.011396011,,,,,,48,1,11
Pre,Ozzy,18,10O,,,,725353,M,HFD,,,,SIX,,1,,,,15510,85,0.596,311,3.048231511,2.511254019,0.98392283,,,,,,43,0,17
Pre,Ozzy,18,10O,,,,725354,M,LFD,,,,SIX,,1,,,,15270,91,0.528,291,1.924398625,1.567010309,0.903780069,,,,,,54,0,5
Pre,Ozzy,5,8O,,,,725451,M,HFD,,,,SIX,,6,,,,14700,70,0.3495,365,4.071232877,2.77260274,1.4,,,,,,37,1,22
Pre,Ozzy,5,8O,,,,725452,M,LFD,,,,SIX,,6,,,,16402.5,76,0.527,311,1.958199357,1.768488746,0.77170418,,,,,,38,3,19
Pre,Ozzy,6,8O,,,,725461,M,HFD,,,,SIX,,7,,,,19702.5,91,1.949,400,2.415,1.75,0.995,,,,,,50,0,10
Pre,Ozzy,6,8O,,,,725462,M,LFD,,,,SIX,,7,,,,15907.5,93,1.194,412,1.089805825,1.067961165,0.63592233,,,,,,52,1,7
Pre,Ozzy,8,8O,,,,725471,M,LFD,,,,SIX,,6,,,,15150,100,2.0145,298,2.298657718,2.117449664,1.39261745,,,,,,46,1,13
Pre,Ozzy,8,8O,,,,725472,M,HFD,,,,SIX,,6,,,,18105,111,3.583,345,4.246376812,3.194202899,2.214492754,,,,,,32,1,27
Pre,Ozzy,16,8O,,,,725481,M,LFD,,,,SIX,,4,,,,18195,91,0.9755,389,1.730077121,1.33933162,1.015424165,,,,,,55,0,5
Pre,Ozzy,16,8O,,,,725482,M,HFD,,,,SIX,,4,,,,19837.5,99,1.948,381,2.839895013,1.241469816,1.522309711,,,,,,13,2,45
Pre,Ozzy,9,8O,,,,725491,M,HFD,,,,SIX,,4,,,,16050,115,2.804,361,3.487534626,2.653739612,2.105263158,,,,,,54,1,5
Pre,Ozzy,9,8O,,,,725492,M,HFD,,,,SIX,,4,,,,17797.5,101,0.8645,368,1.83423913,2.225543478,1.081521739,,,,,,57,0,3
Pre,Ozzy,12,8O,,,,725501,M,HFD,,,,SIX,,4,,,,16942.5,116,3.2625,452,3.621681416,4.033185841,2.915929204,,,,,,15,2,43
Pre,Ozzy,12,8O,,,,725502,M,HFD,,,,SIX,,4,,,,16267.5,102,2.183,416,2.927884615,4.266826923,2.129807692,,,,,,30,0,30
Pre,Ozzy,11,9O,,,,725607,M,LFD,,,,SIX,,3,,,,14767.5,83,0.5225,317,1.58044164,1.684542587,0.593059937,,,,,,,,
Pre,Ozzy,2,9O,,,,725617,M,LFD,,,,SIX,,7,,,,13725,82,2.211,397,2.125944584,3.16372796,1.594458438,,,,,,,,
Pre,Ozzy,10,9O,,,,725631,M,HFD,,,,SIX,,4,,,,14610,93,3.675,381,2.860892388,2.519685039,1.711286089,,,,,,45,0,15
Pre,Ozzy,10,9O,,,,725632,M,HFD,,,,SIX,,4,,,,22545,79,0.573,460,3.843478261,3.358695652,2.117391304,,,,,,28,0,32
Pre,Ozzy,14,9O,,,,725641,M,HFD,,,,SIX,,4,,,,16732.5,114,1.735,348,2.24137931,2.298850575,1.49137931,,,,,,39,0,21
Pre,Ozzy,3,9O,,,,725651,M,HFD,,,,SIX,,5,,,,17797.5,98,0.679,283,1.915194346,1.703180212,1.204946996,,,,,,23,4,33
Pre,Ozzy,7,10O,,,,725661,M,LFD,,,,SIX,,,,,,14107.5,104,0.7605,353,2.110481586,1.997167139,1.21529745,,,,,,54,1,4
Pre,Ozzy,7,10O,,,,725662,M,HFD,,,,SIX,,,,,,,103,1.7705,393,3.017811705,2.150127226,1.852417303,,,,,,58,0,2
Pre,Ozzy,4,10O,,,,725691,M,LFD,,,,SIX,,7,,,,15960,149,1.045,375,2.386666667,2.666666667,1.394666667,,,,,,55,0,5
Pre,Ozzy,4,10O,,,,725692,M,HFD,,,,SIX,,7,,,,17302.5,107,2.743,432,2.625,3.178240741,1.652777778,,,,,,50,0,9
Pre,Ozzy,1,10O,,,,725711,M,HFD,,,,SIX,,7,,,,18112.5,117,1.4405,374,1.655080214,2.085561497,1.128342246,,,,,,52,1,7
Pre,Ozzy,1,10O,,,,725712,M,HFD,,,,SIX,,7,,,,17737.5,105,1.0495,406,2.689655172,2.28817734,2.536945813,,,,,,37,0,23
Pre,Ozzy,13,10O,,,,725721,M,HFD,,,,SIX,,,,,,18262.5,124,0.7305,314,2.038216561,2.356687898,1.210191083,,,,,,54,1,5
Pre,Ozzy,13,10O,,,,725722,M,HFD,,,,SIX,,,,,,17100,91,0.882,340,2.355882353,2.488235294,1.267647059,,,,,,53,0,7
Pre,Ozzy,15,10O,,,,725731,M,HFD,,,,SIX,,4,,,,16275,81,0.4545,371,2.698113208,2.099730458,1.385444744,,,,,,48,0,12
Pre,Ozzy,15,10O,,,,725732,M,LFD,,,,SIX,,4,,,,15592.5,86,0.3505,299,1.809364548,1.471571906,1.117056856,,,,,,57,0,3
Pre,Pilot,201,1P,,,,728751,M,HFD,,,,FOUR,,11,,,,,,,411,2.92,2.09,1.19,170.38,125.51,6,7,29,39,19,2
Pre,Pilot,201,1P,,,,728752,M,LFD,,,,FOUR,,11,,,,,,,445,4.47,2.47,2.09,201.11,96.01,6,7,31,49,7,3
Pre,Pilot,201,1P,,,,728753,M,HFD,,,,FOUR,,11,,,,,,,384,3.07,1.54,1.09,299.02,0,17,17,13,48,11,1
Pre,Pilot,201,1P,,,,728754,M,LFD,,,,FOUR,,11,,,,,,,364,1.87,1.4,0.93,141.49,157.68,8,8,25,50,4,6
Pre,Pilot,209,1P,,,,728791,M,HFD,,,,FOUR,,7,,,,,,,464,3.75,2.28,1.72,183.14,116.05,12,13,23,43,4,13
Pre,Pilot,209,1P,,,,728792,M,LFD,,,,FOUR,,7,,,,,,,344,3.49,1.95,1.28,217.41,81.19,15,16,27,42,7,11
Pre,Pilot,45,1P,,,,728811,M,HFD,,,,FOUR,,9,,,,,,,373,3.3,2.04,1.42,165.48,134.31,11,12,23,28,0,32
Pre,Pilot,45,1P,,,,728812,M,LFD,,,,FOUR,,9,,,,,,,271,2.32,1.4,1.22,191.89,107.47,9,10,27,15,2,42
Pre,Pilot,45,1P,,,,728813,M,HFD,,,,FOUR,,9,,,,,,,380,4.45,2.95,1.68,201.92,95.07,18,19,16,10,0,50
Pre,Pilot,45,1P,,,,728814,M,LFD,,,,FOUR,,9,,,,,,,350,1.51,1.23,1.14,112.63,178.84,7,8,30,54,1,5
Pre,Pilot,225,1P,,,,728831,M,HFD,,,,FOUR,,11,,,,,,,408,3.53,0.69,0.91,149.85,147.79,8,9,38,51,1,8
Pre,Pilot,225,1P,,,,728832,M,LFD,,,,FOUR,,11,,,,,,,446,3.21,2.29,2.29,96.16,203.07,4,5,25,39,13,8
Pre,Pilot,230,1P,,,,728841,M,HFD,,,,FOUR,,13,,,,,,,335,2.09,1.64,0.87,158.78,136.49,10,11,23,48,10,2
Pre,Pilot,230,1P,,,,728842,M,LFD,,,,FOUR,,13,,,,,,,320,2,1.19,1.25,251.1,48.06,9,10,29,45,8,7
Pre,Pilot,230,1P,,,,728843,M,HFD,,,,FOUR,,13,,,,,,,427,3.58,2.51,2.22,139.44,152.22,12,13,22,31,22,7
Pre,Pilot,230,1P,,,,728844,M,LFD,,,,FOUR,,13,,,,,,,409,2.52,1.76,1.54,239.45,59.7,9,10,25,49,5,1
Pre,Pilot,231,1P,,,,728851,M,HFD,,,,FOUR,,15,,,,,,,372,2.04,0.78,0.81,215.9,82.42,9,10,29,39,17,4
Pre,Pilot,231,1P,,,,728852,M,LFD,,,,FOUR,,15,,,,,,,337,1.51,0.77,0.59,258.11,41.8,6,7,29,53,6,1
Pre,Pilot,231,1P,,,,728853,M,HFD,,,,FOUR,,15,,,,,,,374,3.98,3.48,1.87,199.67,100.1,9,10,21,18,5,37
Pre,Pilot,231,1P,,,,728854,M,LFD,,,,FOUR,,15,,,,,,,338,1.78,1.27,0.98,195.26,103.27,12,13,26,43,5,12
Pre,Pilot,241,1P,,,,728871,M,HFD,,,,FOUR,,8,,,,,,,442,4.66,2.76,1.99,219.25,77.82,17,18,21,42,2,16
Pre,Pilot,241,1P,,,,728872,M,LFD,,,,FOUR,,8,,,,,,,377,2.55,2.23,1.86,189.81,109.41,13,14,30,33,5,22
Pre,Pilot,241,1P,,,,728873,M,HFD,,,,FOUR,,8,,,,,,,458,4.02,2.97,2.34,229.27,68.02,11,12,27,44,2,14
Pre,Pilot,241,1P,,,,728874,M,LFD,,,,FOUR,,8,,,,,,,423,2.65,1.94,1.65,254.83,41.2,8,9,31,46,2,12
Pre,Pilot,313,1P,,,,728891,M,HFD,,,,FOUR,,11,,,,,,,382,3.3,1.57,0.63,131.46,167.28,9,10,28,52,1,7
Pre,Pilot,313,1P,,,,728892,M,LFD,,,,FOUR,,11,,,,,,,395,1.47,1.11,0.76,116.01,182.49,4,5,34,54,6,0
Pre,Pilot,313,1P,,,,728893,M,HFD,,,,FOUR,,11,,,,,,,464,3.92,1.85,1.72,158.03,140.58,13,14,31,16,0,42
Pre,Pilot,313,1P,,,,728894,M,LFD,,,,FOUR,,11,,,,,,,411,2,1.46,0.97,101,197.5,16,17,23,55,2,3
Pre,Pilot,203,2P,,,,728941,M,HFD,,,,FOUR,,9,,,,,,,405,4.17,2.59,1.68,284.17,14.98,13,14,24,33,2,25
Pre,Pilot,203,2P,,,,728942,M,LFD,,,,FOUR,,9,,,,,,,361,0.69,0.44,0.47,221.17,69.36,16,17,18,33,23,4
Pre,Pilot,203,2P,,,,728943,M,HFD,,,,FOUR,,9,,,,,,,489,3.78,1.53,1.55,281.63,15.33,19,19,20,51,6,3
Pre,Pilot,0240B,2P,,,,728961,M,LFD,,,,FOUR,,12,,,,,,,452,2.54,1.68,1.5,253.25,42.28,8,9,27,46,11,3
Pre,Pilot,0240B,2P,,,,728962,M,HFD,,,,FOUR,,12,,,,,,,525,7.26,2.46,2.72,279.48,18.64,19,20,18,32,6,22
Pre,Pilot,0240B,2P,,,,728963,M,LFD,,,,FOUR,,12,,,,,,,486,4.28,2.45,2.14,212.14,87.62,3,4,33,38,4,18
Pre,Pilot,0240B,2P,,,,728964,M,HFD,,,,FOUR,,12,,,,,,,512,6.93,1.91,2.34,199.63,99.55,11,12,25,42,1,17
Pre,Pilot,226,2P,,,,728971,M,LFD,,,,FOUR,,7,,,,,,,426,2.77,2.14,1.31,150.27,146.71,6,7,27,59,1,0
Pre,Pilot,226,2P,,,,728972,M,HFD,,,,FOUR,,7,,,,,,,478,4.14,2.89,1.95,200.72,97.47,10,11,27,7,5,48
Pre,Pilot,226,2P,,,,728973,M,LFD,,,,FOUR,,7,,,,,,,474,3.78,2.66,1.77,145.06,154.19,8,9,24,46,9,5
Pre,Pilot,226,2P,,,,728974,M,HFD,,,,FOUR,,7,,,,,,,440,4.8,3.34,2.16,136.71,162.7,9,10,27,6,2,50
Pre,Pilot,227,2P,,,,728981,M,LFD,,,,FOUR,,14,,,,,,,360,1.94,1.56,1.08,193.66,105.51,7,8,24,51,7,2
Pre,Pilot,227,2P,,,,728982,M,HFD,,,,FOUR,,14,,,,,,,421,4.11,2.78,1.52,267.28,31.63,14,15,28,37,4,19
Pre,Pilot,227,2P,,,,728983,M,LFD,,,,FOUR,,14,,,,,,,313,1.88,1.47,1.18,193.62,105.85,9,10,26,39,9,12
Pre,Pilot,227,2P,,,,728984,M,HFD,,,,FOUR,,14,,,,,,,361,3.3,1.83,1.36,191.45,98.68,2,3,34,40,5,15
Pre,Pilot,235,2P,,,,729011,M,LFD,,,,FOUR,,11,,,,,,,416,2.24,2.04,1.25,182.43,109.49,5,6,33,50,8,2
Pre,Pilot,235,2P,,,,729012,M,HFD,,,,FOUR,,11,,,,,,,387,2.43,2.33,1.11,106.81,191.13,10,11,31,48,5,7
Pre,Pilot,235,2P,,,,729013,M,LFD,,,,FOUR,,11,,,,,,,426,3.78,2.75,1.88,146.37,153.02,4,5,34,44,9,7
Pre,Pilot,235,2P,,,,729014,M,HFD,,,,FOUR,,11,,,,,,,419,2.55,2.2,1.22,108.43,188.16,7,8,27,51,4,5
Pre,Pilot,315,2P,,,,729021,M,LFD,,,,FOUR,,11,,,,,,,398,2.94,2.41,1.46,157.56,140.12,12,13,33,40,5,15
Pre,Pilot,315,2P,,,,729022,M,HFD,,,,FOUR,,11,,,,,,,432,3.01,2.64,1.83,167.95,129.41,6,6,35,46,1,13
Pre,Pilot,315,2P,,,,729023,M,LFD,,,,FOUR,,11,,,,,,,345,2.67,1.68,1.13,174.8,124.82,7,8,35,27,14,19
Pre,Pilot,315,2P,,,,729024,M,HFD,,,,FOUR,,11,,,,,,,463,5.46,3.07,2.35,236.39,53.49,6,7,25,31,1,28
Pre,Pilot,308,2P,,,,729041,M,LFD,,,,FOUR,,9,,,,,,,359,1.95,1.87,1.23,197.45,88.45,11,12,18,33,3,24
Pre,Pilot,308,2P,,,,729042,M,HFD,,,,FOUR,,9,,,,,,,395,4.15,0.63,1.24,101.62,176.94,17,18,26,49,3,6
Pre,Pilot,317,2P,,,,729053,M,LFD,,,,FOUR,,13,,,,,,,380,2.34,1.97,1.08,173.69,51.68,14,15,31,51,1,8
Pre,Pilot,317,2P,,,,729054,M,HFD,,,,FOUR,,13,,,,,,,401,2.89,2.62,1.27,235.37,60.76,19,20,19,38,0,21
Pre,Pilot,317,2P,,,,729055,M,LFD,,,,FOUR,,13,,,,,,,447,3.11,2.73,0.51,203.26,89.93,5,6,37,37,2,21
Pre,Pilot,324,2P,,,,729081,M,LFD,,,,FOUR,,15,,,,,,,400,1.75,1.6,1,120.06,172.7,5,6,25,35,4,21
Pre,Pilot,324,2P,,,,729082,M,HFD,,,,FOUR,,15,,,,,,,376,1.57,1.3,0.96,165.35,130.05,10,11,32,52,0,8
Pre,Pilot,324,2P,,,,729083,M,LFD,,,,FOUR,,15,,,,,,,387,2.17,2.27,2.09,125.36,172.35,6,7,30,49,3,8
Pre,Pilot,324,2P,,,,729084,M,HFD,,,,FOUR,,15,,,,,,,451,2.88,1.86,0.6,171.34,123.6,12,13,28,44,3,13
Pre,Pilot,332,1P,,,,729103,M,HFD,,,,FOUR,,12,,,,,,,355,1.58,1.24,0.87,246.48,52.27,19,20,21,42,12,6
Pre,Pilot,332,1P,,,,729104,M,LFD,,,,FOUR,,12,,,,,,,388,2.91,1.88,1.49,223.58,75.49,13,14,19,49,3,8
Pre,Pilot,332,1P,,,,729105,M,HFD,,,,FOUR,,12,,,,,,,442,3.24,2.78,1.61,215.03,80.67,6,7,20,11,1,47
Pre,Pilot,332,1P,,,,729106,M,LFD,,,,FOUR,,12,,,,,,,447,2.77,1.63,1.43,270.91,27.82,6,7,31,47,5,8
Thesis,Thesis,338,1T,726192,726211,AWD189,734521,M,HFD,43360,43380,43406,SIX,9,8,BLACK HOOD,LT,C-F1,18607.5,93,,423,4.302600473,3.498817967,1.985815603,90.04,206.95,21,22,13,39,1,20
Thesis,Thesis,338,1T,726192,726211,AWD190,734522,M,HFD,43360,43380,43406,SIX,9,8,BLACK HOOD,RM,C-H1,11212.5,81,0.501,438,2.146118721,1.643835616,0.913242009,189.75,109.56,13,14,36,41,2,17
Thesis,Thesis,338,1T,726192,726211,AWD191,734523,M,LFD,43360,43380,43406,SIX,9,8,BROWN HOOD,LB,C-F2,12982.5,80,,377,2.546419098,2.015915119,1.220159151,152.88,146.38,20,21,16,34,3,23
Thesis,Thesis,343,1T,726212,725383,AWD197,734571,M,HFD,43360,43381,43406,SIX,7,9,BROWN,LT,C-F1,12412.5,88,1.918,424,4.764150943,2.783018868,2.452830189,179.12,119.21,13,14,27,28,0,32
Thesis,Thesis,343,1T,726212,725383,AWD198,734572,M,HFD,43360,43381,43406,SIX,7,9,BROWN ,RM,C-G1,14610,88,,360,2.722222222,1.944444444,1.277777778,185.79,113.19,14,15,21,24,4,32
Thesis,Thesis,343,1T,726212,725383,AWD199,734573,M,LFD,43360,43381,43406,SIX,7,9,BROWN HOOD,LM,C-G2,17040,82,,410,2.975609756,2.048780488,1.414634146,172.06,114.68,14,15,15,30,0,30
Thesis,Thesis,405,1T,728711,729521,AWD205,734581,M,LFD,43360,43381,43406,SIX,3,13,BLACK HOOD,LM,C-G2,13687.5,74,0.521,341,1.583577713,1.114369501,0.938416422,246.91,49.26,11,12,30,41,2,15
Thesis,Thesis,405,1T,728711,729521,AWD206,734582,M,HFD,43360,43381,43406,SIX,3,13,BLACK HOOD,RB,C-H1,16320,78,0.86,383,3.237597911,2.140992167,1.618798956,270.74,27.68,6,7,27,52,1,7
Thesis,Thesis,405,1T,728711,729521,AWD207,734583,M,LFD,43360,43381,43406,SIX,3,13,BLACK HOOD,RC,C-H2,12817.5,72,,346,2.023121387,1.329479769,0.924855491,196.18,103.48,13,14,24,41,0,19
Thesis,Thesis,448,1T,722921,733112,AWD213,734631,M,HFD,43339,43384,43406,SIX,2,12,BROWN HOOD,LT,C-G1,15442.5,83,1.02,398,2.56281407,2.261306533,1.35678392,175.83,122.07,23,24,24,56,0,4
Thesis,Thesis,448,1T,722921,733112,AWD214,734632,M,LFD,43339,43384,43406,SIX,2,12,BROWN HOOD,RM,C-H2,12780,74,0.562,340,1.882352941,1.352941176,1.411764706,156.21,143.51,22,23,18,53,1,6
Thesis,Thesis,448,1T,722921,733112,AWD215,734633,M,LFD,43339,43384,43406,SIX,2,12,BLACK HOOD,LC,C-F2,12637.5,75,0.655,379,2.427440633,1.741424802,1.002638522,236.02,63.56,20,21,20,53,0,7
Thesis,Thesis,408,2T,727772,728081,AWD223,734671,M,HFD,43366,43388,43413,SIX,4,13,BLACK,LT,C-F5,13852.5,76,0.657,337,2.640949555,1.305637982,1.038575668,221.23,45.49,21,21,20,55,1,4
Thesis,Thesis,408,2T,727772,728081,AWD224,734672,M,LFD,43366,43388,43413,SIX,4,13,BLACK,LM,C-G6,13740,72,1.478,366,2.459016393,1.475409836,1.06557377,237.38,62.4,13,14,28,31,5,24
Thesis,Thesis,331,2T,725964,726241,AWD219,734711,M,HFD,43366,43388,43413,SIX,8,7,BLACK HOOD,LTRT,C-F5,15472.5,84,0.455,346,2.341040462,1.416184971,1.040462428,280.38,19.58,21,22,12,30,5,21
Thesis,Thesis,331,2T,725964,726241,AWD220,734712,M,LFD,43366,43388,43413,SIX,8,7,BLACK HOOD,LTRM,C-F6,13057.5,75,1.279,363,3.305785124,1.460055096,1.212121212,184.8,115.16,10,11,24,42,0,18
Thesis,Thesis,330,2T,725955,725391,AWD227,734723,M,HFD,43367,43388,43413,SIX,7,8,BROWN HOOD,LC,C-G5,13822.5,84,,384,2.942708333,2.083333333,1.40625,151.67,140.36,9,10,20,25,1,34
Thesis,Thesis,330,2T,725955,725391,AWD228,734724,M,LFD,43367,43388,43413,SIX,7,8,ALBINO,LT,C-H6,12607.5,72,0.731,303,1.98019802,1.287128713,1.056105611,201.24,97.85,5,6,34,45,3,12
Thesis,Thesis,447,2T,733121,733091,AWD231,734731,M,HFD,43367,43388,43413,SIX,2,15,ALBINO,RT,C-G5,12720,90,,314,1.560509554,1.27388535,0.923566879,225.46,74.2,6,7,25,49,3,8
Thesis,Thesis,447,2T,733121,733091,AWD232,734732,M,LFD,43367,43388,43413,SIX,2,15,BROWN HOOD,RC,C-F6,13560,76,,298,1.040268456,0.939597315,0.604026846,176.78,123.16,9,10,17,45,9,6
Thesis,Thesis,335,2T,726252,726561,AWD236,734761,M,LFD,43368,43389,43413,SIX,8,7,BROWN HOOD,LTRT,C-H6,13035,67,0.92,391,1.508951407,1.381074169,0.716112532,164.49,116.26,13,14,34,57,1,2
Thesis,Thesis,401,2T,728661,727723,AWD239,734781,M,HFD,43368,43389,43413,SIX,4,11,BROWN HOOD,LTRM,C-H5,15262.5,94,1.631,400,2.4,2.225,1.35,239.89,59.55,14,15,28,54,3,3
Thesis,Thesis,401,2T,728661,727723,AWD240,734782,M,LFD,43368,43389,43413,SIX,4,11,BROWN HOOD,LTRB,C-G6,16230,80,1.137,428,1.985981308,1.168224299,0.771028037,167.51,112.63,6,6,25,46,11,3
Thesis,Thesis,465,3T,733113,733065,AWD202,736239,M,HFD,43416,43437,43462,SIX,4,10,BRN HOOD,LB,C-D1,12555,80,0.562,408,4.362745098,2.598039216,1.81372549,296.76,0,11,11,27,50,3,7
Thesis,Thesis,431,3T,727992,729031,AWD196,736257,M,HFD,43416,43437,43462,SIX,5,13,BLACK,LT,C-C1,13957.5,77,0.521,458,4.148471616,3.602620087,2.336244541,241.32,58.49,21,22,15,54,0,6
Thesis,Thesis,431,3T,727992,729031,AWD197,736258,M,LFD,43416,43437,43462,SIX,5,13,BLK HOOD,LT,C-E2,12780,76,1.132,372,2.580645161,2.365591398,1.586021505,203.04,96.18,14,14,25,52,5,3
Thesis,Thesis,421,3T,727952,728061,AWD204,736294,M,HFD,43417,43438,43462,SIX,5,8,ALBINO,RT,C-D1,12000,86,0.455,439,2.232346241,1.958997722,1.047835991,285.13,14.4,4,5,32,32,4,24
Thesis,Thesis,421,3T,727952,728061,AWD205,736295,M,LFD,43417,43438,43462,SIX,5,8,BRN HOOD,RM,C-E2,12187.5,81,1.538,466,2.811158798,2.446351931,1.673819742,189.23,105.87,10,11,32,58,0,2
Thesis,Thesis,416,3T,727942,727901,AWD208,736317,M,HFD,43418,43439,43462,SIX,5,11,BRN HOOD,LT,C-E1,9405,71,0.912,375,2.88,2.48,1.653333333,273.53,22.4,8,9,30,55,2,3
Thesis,Thesis,416,3T,727942,727901,AWD209,736318,M,LFD,43418,43439,43462,SIX,5,11,BRN HOOD,LM,C-C2,9390,73,,371,1.994609164,1.886792453,1.482479784,226.74,70.76,10,11,29,43,0,17
Thesis,Thesis,443,3T,727934,727791,AWD215,736337,M,HFD,43419,43440,43462,SIX,4,11,ALBINO,RB,C-E1,13672.5,71,0.876,383,1.82767624,1.775456919,1.566579634,272.84,21.07,4,5,35,49,0,11
Thesis,Thesis,443,3T,727934,727791,AWD216,736338,M,LFD,43419,43440,43462,SIX,4,11,ALBINO,RC,C-D2,12270,72,1.279,344,0.959302326,0.930232558,0.697674419,189.4,109.5,9,9,26,52,1,7
Thesis,Thesis,424,3T,727972,727951,AWD219,736357,M,LFD,43420,43441,43462,SIX,5,9,BLACK,RT,C-C2,10822.5,72,0.86,383,1.644908616,2.036553525,1.018276762,217.2,80.65,20,21,19,54,3,3
Thesis,Thesis,463,4T,733582,733542,AWD243,736391,M,HFD,43422,43442,43469,SIX,3,11,ALBINO,LT,C-C5,12765,83,0.159,459,3.660130719,2.461873638,1.764705882,208.23,79.28,9,10,23,44,0,16
Thesis,Thesis,463,4T,733582,733542,AWD220,736392,M,LFD,43422,43442,43469,SIX,3,11,BRN HOOD,LC,C-E6,13425,108,,378,2.645502646,1.26984127,1.111111111,157.27,141.64,12,13,19,55,2,3
Thesis,Thesis,402,4T,728072,729351,AWD227,736421,M,HFD,43423,43445,43469,SIX,5,5,BROWN ,LM,C-D5,18877.5,76,1.137,494,4.696356275,3.906882591,3.481781377,204.47,93.45,4,5,31,60,0,0
Thesis,Thesis,402,4T,728072,729351,AWD228,736422,M,LFD,43423,43445,43469,SIX,5,5,BRN HOOD,RT,C-C6,10620,82,0.047,433,2.909930716,3.002309469,2.147806005,211.58,83.02,15,16,23,27,2,31
Thesis,Thesis,454,4T,733541,733521,AWD235,736441,M,HFD,43424,43445,43469,SIX,3,14,BROWN,LB,C-E5,13980,83,0.912,383,3.785900783,2.428198433,1.879895561,243.49,54.03,13,14,39,36,0,24
Thesis,Thesis,454,4T,733541,733521,AWD236,736442,M,LFD,43424,43445,43469,SIX,3,14,BROWN,LC,C-C6,11475,94,1.478,362,2.513812155,1.657458564,1.077348066,201.86,98.1,19,20,23,55,2,3
Thesis,Thesis,419,4T,727872,727763,AWD239,736531,M,HFD,43425,43446,43469,SIX,5,11,BLACK,RM,C-E5,12787.5,83,0.876,362,4.060773481,2.237569061,2.071823204,174.21,108.69,9,10,27,41,0,19
Thesis,Thesis,419,4T,727872,727763,AWD240,736532,M,LFD,43425,43446,43469,SIX,5,11,BROWN,RT,C-D6,10560,74,0.92,287,1.637630662,1.219512195,0.940766551,170.36,129.48,11,12,21,50,7,3
Thesis,Thesis,438,4T,727912,727801,AWD231,736541,M,HFD,43423,43445,43469,SIX,6,11,BLK HOOD,RT,C-D5,13920,76,1.631,390,4.282051282,2.58974359,1.769230769,195.4,101.79,7,8,29,31,2,27
Thesis,Thesis,438,4T,727912,727801,AWD232,736542,M,LFD,43423,43445,43469,SIX,6,11,BLK HOOD,RB,C-E6,11482.5,85,1.538,376,2.393617021,2.287234043,1.489361702,203.11,95.56,3,4,30,54,2,4
Thesis,Thesis,452,3T,733421,733401,AWD212,736943,M,HFD,43418,43439,43462,SIX,4,10,ALBINO,RM,C-C1,14767.5,85,0.501,436,3.463302752,2.844036697,1.582568807,201.68,94.28,28,29,19,29,0,31
Thesis,Thesis,452,3T,733421,733401,AWD213,736944,M,LFD,43418,43439,43462,SIX,4,10,BROWN ,LT,C-D2,10957.5,83,0.657,405,3.308641975,2.345679012,1.75308642,147.89,152.07,8,9,31,37,0,23
Thesis,Thesis,450,4T,733271,733251,AWD223,737071,M,HFD,43421,43442,43469,SIX,4,9,BLK HOOD,RM,C-C5,10867.5,68,0.161,384,5.104166667,2.864583333,2.630208333,129.05,170.82,22,23,22,42,3,15
Thesis,Thesis,450,4T,733271,733251,AWD224,737072,M,LFD,43421,43442,43469,SIX,4,9,BLK HOOD,LM,C-D6,17962.5,85,0.731,416,3.293269231,1.754807692,1.586538462,113.87,185.52,11,12,23,42,2,16
Thesis,Thesis,441,5T,728062,727813,AWD252,738291,M,HFD,43471,43493,43518,SIX,7,11,BROWN,RT,C-F1,20227.5,95,1.6895,490,4.244897959,2.571428571,2.244897959,194.45,104.69,16,17,24,52,1,7
Thesis,Thesis,441,5T,728062,727813,AWD253,738292,M,LFD,43471,43493,43518,SIX,7,11,BLACK,LT,C-G2,16957.5,94,2.083,443,2.799097065,2.618510158,1.489841986,130.98,167.92,8,8,29,53,5,2
Thesis,Thesis,433,5T,728012,727933,AWD249,738331,M,HFD,43471,43493,43518,SIX,6,9,BROWN,LT,C-G1,13830,90,2.3605,468,2.692307692,2.457264957,1.282051282,295.21,2.16,16,17,26,48,2,10
Thesis,Thesis,433,5T,728012,727933,AWD250,738332,M,LFD,43471,43493,43518,SIX,6,9,BRN HOOD,LT,C-F2,17190,96,3.07,476,2.37394958,2.5,1.701680672,234.13,64.25,12,13,31,53,3,4
Thesis,Thesis,555,5T,733801,732091,AWD244,738371,M,HFD,43470,43493,43518,SIX,2,12,ALBINO,LT,C-F1,18217.5,106,1.9565,372,2.822580645,2.043010753,1.693548387,266.95,32.81,14,15,26,11,0,49
Thesis,Thesis,555,5T,733801,732091,AWD245,738372,M,LFD,43470,43493,43518,SIX,2,12,ALBINO,RM,C-H2,11887.5,69,,312,2.628205128,1.506410256,1.217948718,133.97,163.08,18,19,16,34,1,25
Thesis,Thesis,449,5T,733191,733171,AWD256,738491,M,HFD,43474,43495,43518,SIX,5,10,BLACK,RT,C-H1,16680,75,1.09,360,2.833333333,2.305555556,1.416666667,174.16,122.19,9,10,29,41,2,17
Thesis,Thesis,449,5T,733191,733171,AWD257,738492,M,LFD,43474,43495,43518,SIX,5,10,BLK HOOD,RM,C-G2,12637.5,72,1.087,383,2.010443864,2.167101828,1.671018277,268.24,29.04,13,14,20,56,0,4
Thesis,Thesis,461,5T,733092,733472,AWD264,738501,M,HFD,43475,43496,43518,SIX,6,11,ALBINO,LM,C-H1,15337.5,77,0.8735,425,1.835294118,1.576470588,0.776470588,196.41,92.57,3,4,30,50,5,5
Thesis,Thesis,461,5T,733092,733472,AWD265,738502,M,LFD,43475,43496,43518,SIX,6,11,BLACK,RM,C-F2,11992.5,83,0.7465,390,1.871794872,1.717948718,0.897435897,223.36,76.47,6,7,28,56,0,4
Thesis,Thesis,412,6T,727792,727921,AWD268,738541,M,HFD,43477,43500,43525,SIX,8,7,BRN HOOD,LT,C-F5,15450,94,,490,3.102040816,2.775510204,1.571428571,161.73,100.7,23,24,8,56,0,4
Thesis,Thesis,412,6T,727792,727921,AWD269,738542,M,LFD,43477,43500,43525,SIX,8,7,BLACK,LT,C-H6,17985,98,,421,2.256532067,2.304038005,1.733966746,203.18,89.74,26,27,17,57,0,2
Thesis,Thesis,428,5T,728082,727733,AWD260,738571,M,HFD,43475,43496,43518,SIX,6,8,BRN HOOD,RM,C-G1,12397.5,86,,462,3.982683983,3.116883117,1.385281385,196.19,103.77,15,16,22,45,0,15
Thesis,Thesis,428,5T,728082,727733,AWD261,738572,M,LFD,43475,43496,43518,SIX,6,8,BROWN,LB,C-H2,11730,76,0.8565,436,2.431192661,2.224770642,0.986238532,289.61,8.35,17,18,22,57,0,3
Thesis,Thesis,0516B,6T,735461,735561,AWD280,738583,M,HFD,43477,43500,43525,SIX,1,13,BLK HOOD,RM,C-F5,12975,88,,367,2.970027248,2.04359673,1.444141689,198.25,100.53,8,9,22,56,3,1
Thesis,Thesis,0516B,6T,735461,735561,AWD281,738584,M,LFD,43477,43500,43525,SIX,1,13,BRN HOOD,RB,C-G6,10290,77,,383,2.7154047,1.879895561,1.514360313,131.71,140.96,11,12,26,47,0,13
Thesis,Thesis,455,6T,733601,733581,AWD276,738591,M,HFD,43477,43500,43525,SIX,6,13,BLACK,RT,C-H5,10335,83,,380,2.263157895,1.815789474,1.052631579,236.18,63.52,12,13,24,55,2,3
Thesis,Thesis,455,6T,733601,733581,AWD277,738592,M,LFD,43477,43500,43525,SIX,6,13,BROWN,LT,C-F6,12360,68,,391,3.120204604,2.506393862,1.636828645,253.68,43.89,17,17,20,40,9,11
Thesis,Thesis,414,6T,727802,728091,AWD272,738601,M,HFD,43477,43500,43525,SIX,8,6,BRN HOOD,LM,C-G5,15630,79,,444,3.806306306,2.184684685,2.004504505,225.66,60.51,11,11,26,39,0,21
Thesis,Thesis,414,6T,727802,728091,AWD273,738602,M,LFD,43477,43500,43525,SIX,8,6,BRN HOOD,RT,C-F6,10890,94,,390,2.743589744,1.769230769,2,143.12,137.71,7,8,33,56,0,4
Thesis,Thesis,425,6T,729792,728021,AWD284,738681,M,HFD,43480,43501,43525,SIX,8,13,BLACK,RB,C-G5,17880,90,,444,3.873873874,3.400900901,2.477477477,258.41,39.9,20,21,19,19,3,38
Thesis,Thesis,425,6T,729792,728021,AWD285,738682,M,LFD,43480,43501,43525,SIX,8,13,BRN HOOD,RM,C-H6,18015,93,,382,2.486910995,1.727748691,1.596858639,178.8,119.91,22,23,15,48,5,7
Thesis,Thesis,430,6T,728092,727851,AWD288,738691,M,HFD,43480,43501,43525,SIX,7,11,ALBINO,LT,C-H5,17610,89,,412,2.985436893,2.86407767,1.77184466,230.38,55.22,7,7,29,29,1,30
Thesis,Thesis,430,6T,728092,727851,AWD289,738692,M,LFD,43480,43501,43525,SIX,7,11,BLACK,LM,C-G6,14212.5,76,,391,2.352941176,1.432225064,1.381074169,283.3,16.12,10,11,39,52,3,5
Thesis,Thesis,546,7T,733761,731891,AWD304,740783,M,HFD,43535,43556,43581,SIX,4,14,BLK HOOD,LM,C-D1,13260,66,1.8405,387,2.144702842,2.144702842,1.136950904,97.59,201.45,20,20,12,47,5,8
Thesis,Thesis,546,7T,733761,731891,AWD305,740784,M,LFD,43535,43556,43581,SIX,4,14,BLACK,RB,C-E2,9562.5,64,0.738,350,1.2,1.114285714,0.628571429,104.57,194.53,13,13,21,58,0,2
Thesis,Thesis,537,7T,731982,733821,AWD312,740795,M,HFD,43536,43557,43581,SIX,5,9,BLK HOOD,RT,C-E1,14115,66,1.226,355,2.704225352,2,1.605633803,90.52,191.48,14,15,28,51,4,5
Thesis,Thesis,548,7T,733771,731561,AWD292,740863,M,HFD,43533,43556,43581,SIX,4,9,BLK HOOD,LT,C-C1,14670,85,1.6645,417,2.997601918,1.990407674,1.726618705,267.77,32.19,23,23,12,59,0,1
Thesis,Thesis,548,7T,733771,731561,AWD293,740864,M,LFD,43533,43556,43581,SIX,4,9,BRN HOOD,LT,C-E2,13597.5,74,1.5515,375,2.506666667,1.946666667,1.093333333,122.7,175.65,15,16,25,48,12,0
Thesis,Thesis,530,8T,732322,733762,AWD332,740871,M,HFD,43541,43563,43588,SIX,4,7,BROWN,RM,C-E5,11310,68,,342,3.157894737,2.105263158,1.637426901,153.71,141.43,14,14,27,54,1,5
Thesis,Thesis,530,8T,732322,733762,AWD333,740872,M,LFD,43541,43563,43588,SIX,4,7,BLACK,LM,C-C6,14722.5,83,,360,2.138888889,1.944444444,1.777777778,188.82,108.97,17,18,26,56,0,4
Thesis,Thesis,506,8T,731552,731651,AWD337,740881,M,LFD,43542,43563,43588,SIX,5,5,BROWN ,RB,C-D6,15810,84,,402,2.089552239,2.23880597,1.417910448,166.28,131.39,18,18,23,42,10,8
Thesis,Thesis,504,8T,731922,731671,AWD324,740891,M,HFD,43541,43563,43588,SIX,5,13,ALBINO,LB,C-D5,17617.5,80,,409,3.300733496,2.053789731,1.100244499,165.2,133.44,11,12,25,43,1,12
Thesis,Thesis,504,8T,731922,731671,AWD325,740892,M,LFD,43541,43563,43588,SIX,5,13,ALBINO,RT,C-C-6,14790,81,,343,1.39941691,0.991253644,1.10787172,199.94,97.63,11,12,17,55,0,5
Thesis,Thesis,508,8T,731522,732031,AWD316,740901,M,HFD,43540,43563,43588,SIX,4,7,BRN HOOD,LT,C-C5,12022.5,88,,406,3.522167488,2.118226601,1.527093596,227.69,70.28,12,13,28,58,0,2
Thesis,Thesis,508,8T,731522,732031,AWD317,740902,M,LFD,43540,43563,43588,SIX,4,7,BRN HOOD,RT,C-E6,11535,84,,387,1.937984496,1.73126615,1.524547804,261.84,33.62,5,6,30,55,4,1
Thesis,Thesis,516,8T,731562,734112,AWD328,740911,M,HFD,43541,43563,43588,SIX,5,11,ALBINO,LTRT,C-D5,13275,69,,417,5.419664269,3.645083933,1.846522782,184.04,114.6,8,9,23,45,3,12
Thesis,Thesis,516,8T,731562,734112,AWD329,740912,M,LFD,43541,43563,43588,SIX,5,11,ALBINO,LM,C-E6,14145,85,,490,4.93877551,4.673469388,2.306122449,293.73,0,12,13,24,29,6,25
Thesis,Thesis,507,7T,731712,731821,AWD308,740923,M,HFD,43536,43557,43581,SIX,4,12,ALBINO,LM,C-E1,12592.5,83,2.1255,336,2.827380952,2.767857143,1.517857143,175.02,124.48,12,13,19,35,0,25
Thesis,Thesis,507,7T,731712,731821,AWD309,740924,M,LFD,43536,43557,43581,SIX,4,12,BROWN,LT,C-C2,11925,81,1.6935,386,1.632124352,1.683937824,0.932642487,251.42,43.07,9,10,27,46,9,5
Thesis,Thesis,559,7T,734101,734002,AWD296,740953,M,HFD,43533,43556,43581,SIX,3,9,ALBINO,RM,C-C1,14557.5,107,2.2805,427,4.613583138,4.192037471,2.505854801,221.48,76.1,6,7,22,48,2,10
Thesis,Thesis,515,7T,731942,733802,AWD300,740983,M,HFD,43534,43556,43581,SIX,4,12,BRN HOOD,RT,C-D1,23422.5,91,3.2415,429,4.312354312,3.566433566,2.051282051,208.85,88.48,7,8,27,8,0,52
Thesis,Thesis,515,7T,731942,733802,AWD301,740984,M,LFD,43534,43556,43581,SIX,4,12,BLACK,RM,C-C2,13762.5,94,1.8905,410,2.731707317,2.195121951,1.195121951,201.83,97,16,16,22,55,2,3
Thesis,Thesis,539,8T,732052,734122,AWD320,741001,M,HFD,43540,43563,43588,SIX,3,12,ALBINO,RM,C-C5,12330,84,,434,5,2.465437788,1.751152074,220.74,77.46,21,22,18,51,1,8
Thesis,Thesis,539,8T,732052,734122,AWD321,741002,M,LFD,43540,43563,43588,SIX,3,12,ALBINO,LT,C-D6,12127.5,88,,426,2.981220657,1.737089202,1.948356808,290.1,2.13,10,11,26,40,9,11
Thesis,Thesis,509,8T,731892,732071,AWD336,741021,M,HFD,43542,43563,43588,SIX,5,9,BRN HOOD,LB,C-E5,10612.5,85,,405,3.012345679,1.234567901,1.061728395,204.2,92.89,28,28,17,44,9,3
Thesis,Thesis,545,9T,731872,733792,AWD352,743591,M,HFD,43604,43626,43637,FOUR,7,8,BLACK,RT,C-G1,16305,82,1.3345,452,5.066371681,3.407079646,2.345132743,155.49,141.38,14,15,14,50,5,5
Thesis,Thesis,545,9T,731872,733792,AWD353,743592,M,LFD,43604,43626,43637,FOUR,7,8,BLK HOOD,RT,C-H2,14610,76,0.8955,412,2.669902913,2.597087379,1.626213592,123.01,174.48,12,13,18,55,3,2
Thesis,Thesis,523,9T,732042,731911,AWD344,743612,M,HFD,43604,43626,43637,FOUR,7,9,BROWN ,RM,C-F1,13057.5,86,0.997,329,2.249240122,1.70212766,0.911854103,191.05,107.29,12,13,28,32,2,26
Thesis,Thesis,523,9T,732042,731911,AWD345,743613,M,LFD,43604,43626,43637,FOUR,7,9,BRN HOOD,LT,C-G2,12375,88,1.785,356,2.078651685,1.54494382,1.207865169,267.77,25.15,16,17,30,57,3,0
Thesis,Thesis,520,9T,731882,734352,AWD340,743622,M,HFD,43603,43626,43637,FOUR,7,11,BLK HOOD,LT,C-F1,15547.5,104,1.9245,412,3.810679612,2.694174757,1.723300971,221.13,78.62,9,10,28,27,5,27
Thesis,Thesis,520,9T,731882,734352,AWD341,743623,M,LFD,43603,43626,43637,FOUR,7,11,BROWN,LM,C-H2,10875,80,1.235,399,1.453634085,0.927318296,0.877192982,257.43,39.88,12,12,22,52,4,4
Thesis,Thesis,561,9T,734111,731981,AWD348,743632,M,HFD,43604,43626,43637,FOUR,7,11,BRN HOOD,LM,C-G1,13582.5,84,0.7315,384,2.447916667,1.692708333,1.119791667,139.31,156.19,13,14,26,50,7,2
Thesis,Thesis,561,9T,734111,731981,AWD349,743633,M,LFD,43604,43626,43637,FOUR,7,11,BRN HOOD,LB,C-F2,14370,70,0.7175,332,2.138554217,1.204819277,1.234939759,86.13,211.6,8,9,26,45,7,6
Thesis,Thesis,606,9T,737042,736991,AWD356,743681,M,HFD,43606,43627,43637,FOUR,2,10,BLACK,LT,C-H1,12855,76,0.613,353,2.379603399,1.246458924,1.246458924,200.78,98.58,6,7,24,54,4,2
Thesis,Thesis,606,9T,737042,736991,AWD357,743682,M,LFD,43606,43627,43637,FOUR,2,10,BLACK,RM,C-F2,15600,71,,313,1.150159744,1.182108626,0.798722045,131.93,164.35,9,10,34,58,1,1
Thesis,Thesis,518,9T,732242,732231,AWD360,743741,M,HFD,43607,43628,43637,FOUR,7,10,BLACK,LBRB,C-H1,14010,83,0.8625,452,2.168141593,1.814159292,1.216814159,235.16,63.57,14,15,23,53,3,4
Thesis,Thesis,518,9T,732242,732231,AWD361,743742,M,LFD,43607,43628,43637,FOUR,7,10,BLACK,RB,C-G2,13530,87,1.078,392,2.551020408,1.862244898,1.607142857,283.97,14.2,18,19,24,57,1,2
Thesis,Thesis,512,10T,731652,731681,AWD368,743911,M,HFD,43611,43633,43644,FOUR,8,3,BLK HOOD,LT,C-F5,11707.5,63,0.964,397,2.972292191,2.544080605,1.738035264,268.72,30.52,11,12,26,50,1,9
Thesis,Thesis,512,10T,731652,731681,AWD369,743913,M,LFD,43611,43633,43644,FOUR,8,3,BLK HOOD,LM,C-G6,10237.5,66,0.6085,339,2.625368732,2.005899705,1.356932153,220.72,77.93,18,19,26,58,0,2
Thesis,Thesis,538,10T,731742,731881,AWD374,743921,M,HFD,43613,43634,43644,FOUR,8,9,BLACK,LM,C-G5,15060,91,1.0895,398,3.417085427,2.386934673,1.381909548,186.75,111.66,12,13,19,35,1,24
Thesis,Thesis,538,10T,731742,731881,AWD375,743922,M,LFD,43613,43634,43644,FOUR,8,9,BLK HOOD,LB,C-H6,12705,84,1.757,445,3.056179775,2.08988764,1.887640449,224.17,67.62,19,19,20,50,1,9
Thesis,Thesis,543,10T,731822,731551,AWD378,743931,M,HFD,43613,43634,43644,FOUR,7,12,BROWN,LM,C-H5,12502.5,87,1.464,347,2.737752161,2.593659942,1.613832853,152.54,142.16,5,6,31,48,10,2
Thesis,Thesis,543,10T,731822,731551,AWD379,743932,M,LFD,43613,43634,43644,FOUR,7,12,BRN HOOD,LT,C-F6,9630,72,0.5045,348,1.867816092,1.752873563,1.120689655,263.54,34.74,19,20,19,53,2,5
Thesis,Thesis,528,10T,731362,731841,AWD364,743941,M,HFD,43611,43633,43644,FOUR,7,7,BLACK,LT,C-F5,13237.5,73,1.3755,338,3.579881657,2.75147929,1.538461538,209.31,90.57,13,13,10,6,0,54
Thesis,Thesis,528,10T,731362,731841,AWD365,743942,M,LFD,43611,43633,43644,FOUR,7,7,BROWN,LT,C-H6,13672.5,79,1.606,388,2.628865979,2.036082474,1.469072165,182.74,94.15,2,3,30,47,11,2
Thesis,Thesis,553,10T,734241,732241,AWD370,743951,M,HFD,43611,43633,43644,FOUR,6,9,ALBINO,LT,C-G5,15442.5,89,1.6265,457,3.347921225,2.997811816,1.750547046,241.92,56.05,8,9,22,49,11,0
Thesis,Thesis,553,10T,734241,732241,AWD371,743952,M,LFD,43611,43633,43644,FOUR,6,9,ALBINO,LM,C-F6,11482.5,84,2.1335,368,2.309782609,1.983695652,1.684782609,234.54,45.96,12,13,21,46,4,10
Thesis,Thesis,560,10T,734391,732051,AWD382,744021,M,HFD,43613,43634,43644,FOUR,7,10,BRN HOOD,LB,C-H5,13762.5,79,1.6745,341,2.668621701,1.700879765,1.143695015,129.85,165.41,24,25,17,56,2,1
Thesis,Thesis,560,10T,734391,732051,AWD383,744022,M,LFD,43613,43634,43644,FOUR,7,10,BRN HOOD,LM,C-G6,15585,87,0.9345,395,2.202531646,1.46835443,1.265822785,180.72,117.65,14,15,21,53,4,3
Thesis,Thesis,630,11T,737012,736901,AWD392,745531,M,HFD,43660,43682,43693,FOUR,5,13,BRN HOOD,RT,C-C1,16747.5,91,,449,,,,250.45,46.86,10,11,35,57,0,3
Thesis,Thesis,630,11T,737012,736901,AWD393,745532,M,LFD,43660,43682,43693,FOUR,5,13,BLACK,RT,C-D2,12112.5,77,,350,,,,266.28,29.87,29,30,10,48,5,7
Thesis,Thesis,635,11T,736982,736871,AWD388,745541,M,HFD,43659,43682,43693,FOUR,5,12,BRN HOOD,LT,C-C1,13417.5,99,,346,,,,216.02,83.94,5,6,28,44,7,9
Thesis,Thesis,635,11T,736982,736871,AWD389,745542,M,LFD,43659,43682,43693,FOUR,5,12,BLACK,LT,C-E2,13147.5,84,,291,,,,224.53,64.63,17,18,26,54,5,1
Thesis,Thesis,665,11T,737452,737041,AWD400,745551,M,HFD,43660,43682,43693,FOUR,5,9,BRN HOOD,RM,C-D1,17220,83,,404,,,,286.05,10.19,14,15,14,43,1,16
Thesis,Thesis,665,11T,737452,737041,AWD401,745552,M,LFD,43660,43682,43693,FOUR,5,9,BRN HOOD,RB,C-E2,12742.5,85,,385,,,,205.15,94.48,25,26,9,45,0,15
Thesis,Thesis,634,11T,737312,737441,AWD396,745561,M,HFD,43660,43682,43693,FOUR,4,13,BLK HOOD,LT,C-D1,14040,68,,315,,,,201.11,98.49,9,10,22,55,0,5
Thesis,Thesis,634,11T,737312,737441,AWD397,745562,M,LFD,43660,43682,43693,FOUR,4,13,BLK HOOD,RT,C-C2,11430,69,,291,,,,146.44,150.25,15,16,23,55,1,4
Thesis,Thesis,641,11T,737562,738061,AWD408,745571,M,HFD,43661,43682,43693,FOUR,5,10,BLK HOOD,RM,C-E1,14040,98,,456,,,,297.63,0,16,16,19,24,0,36
Thesis,Thesis,641,11T,737562,738061,AWD409,745572,M,LFD,43661,43682,43693,FOUR,5,10,BLK HOOD,LM,C-D2,11782.5,73,,397,,,,274.28,24.75,10,11,29,57,0,3
Thesis,Thesis,721,11T,741562,741981,AWD404,745613,M,HFD,43659,43682,43693,FOUR,1,10,BRN HOOD,LM,C-E1,12225,83,,347,,,,242.43,45.39,12,13,24,50,3,5
Thesis,Thesis,721,11T,741562,741981,AWD405,745614,M,LFD,43659,43682,43693,FOUR,1,10,ALBINO,LT,C-C2,10680,74,,374,,,,263.92,4.62,13,14,30,49,0,11
Thesis,Thesis,625,12T,736912,737231,AWD424,745881,M,HFD,43667,43689,43700,FOUR,5,12,BROWN,RM,C-D5,12735,90,1.106,389,,,,267.6,0,19,20,9,53,2,5
Thesis,Thesis,625,12T,736912,737231,AWD425,745882,M,LFD,43667,43689,43700,FOUR,5,12,BLACK,RT,C-E6,11220,83,0.675,380,,,,272.13,23.01,11,12,23,50,0,10
Thesis,Thesis,654,12T,737282,737821,AWD412,745891,M,HFD,43666,43689,43700,FOUR,5,12,BLK HOOD,LT,C-C5,17220,103,2.082,426,,,,181.27,117.85,27,27,13,51,7,2
Thesis,Thesis,654,12T,737282,737821,AWD413,745892,M,LFD,43666,43689,43700,FOUR,5,12,BLK HOOD,LM,C-E6,13305,79,1.342,406,,,,294.44,2.79,9,10,26,46,1,13
Thesis,Thesis,621,12T,737402,737671,AWD420,745901,M,HFD,43667,43689,43700,FOUR,5,11,BRN HOOD,LT,C-D5,11355,85,0.4455,424,,,,198.5,95.38,23,23,22,54,1,5
Thesis,Thesis,621,12T,737402,737671,AWD421,745902,M,LFD,43667,43689,43700,FOUR,5,11,ALBINO,LT,C-C6,10530,75,1.869,406,,,,242.95,50.42,10,11,21,46,11,3
Thesis,Thesis,614,12T,736752,737331,AWD416,746001,M,HFD,43666,43689,43700,FOUR,4,9,BRN HOOD,RT,C-C5,12562.5,73,1.219,343,,,,287.77,11.08,15,15,17,49,2,9
Thesis,Thesis,614,12T,736752,737331,AWD417,746002,M,LFD,43666,43689,43700,FOUR,4,9,BLK HOOD,LB,C-D6,10050,69,1.077,317,,,,225.37,67.01,7,8,26,42,2,16
Thesis,Thesis,624,12T,737343,737411,AWD432,746011,M,HFD,43669,43690,43700,FOUR,5,8,BLACK,RM,C-E5,13785,75,1.22,392,,,,280.22,18.48,24,25,20,51,3,6
Thesis,Thesis,624,12T,737343,737411,AWD433,746012,M,LFD,43669,43690,43700,FOUR,5,8,BLACK,LTRT,C-D6,9750,72,0.749,351,,,,230.72,33.03,26,27,15,54,4,2
Thesis,Thesis,638,12T,736882,737201,AWD428,746021,M,HFD,43668,43689,43700,FOUR,5,14,BROWN,LT,C-E5,14010,80,2.3615,399,,,,231.08,22.8,9,10,27,47,0,13
Thesis,Thesis,638,12T,736882,737201,AWD429,746022,M,LFD,43668,43689,43700,FOUR,5,14,BROWN,RB,C-C6,10342.5,74,1.481,466,,,,246.62,51.18,9,10,21,57,2,1
Thesis,Thesis,605,13T,736732,737221,AWD436,749091,M,HFD,43738,43760,43784,SIX,7,8,BRN HOOD,LT,C-C1,,,2.3675,387,3.049095607,2.015503876,1.80878553,157.73,142.13,22,23,17,48,0,12
Thesis,Thesis,605,13T,736732,737221,AWD437,749092,M,LFD,43738,43760,43784,SIX,7,8,BRN HOOD,RM,C-E2,,,0.8025,384,1.666666667,1.09375,1.09375,223.64,64.2,20,21,16,60,0,0
Thesis,Thesis,724,13T,741222,742011,AWD444,749111,M,HFD,43738,43760,43784,SIX,4,4,ALBINO,LT,C-D1,,,0.971,431,2.088167053,1.554524362,0.90487239,180.42,86.85,15,16,24,40,3,17
Thesis,Thesis,724,13T,741222,742011,AWD445,749112,M,LFD,43738,43760,43784,SIX,4,4,ALBINO,RB,C-C2,,,1.2655,403,2.406947891,1.935483871,1.315136476,177.48,117.58,16,17,15,47,0,13
Thesis,Thesis,702,13T,741892,741401,AWD440,749141,M,HFD,43738,43760,43784,SIX,4,12,ALBINO,RM,C-C1,,,1.6235,430,3.488372093,2.279069767,1.558139535,267.61,31.21,18,18,18,55,3,2
Thesis,Thesis,702,13T,741892,741401,AWD441,749142,M,LFD,43738,43760,43784,SIX,4,12,BRN HOOD,LM,C-D2,,,0.7885,369,2.818428184,1.707317073,1.029810298,229.31,67.62,15,16,17,40,0,20
Thesis,Thesis,656,13T,737322,736861,AWD452,749161,M,HFD,43739,43760,43784,SIX,7,8,ALBINO,LM,C-E1,,,2.887,414,4.154589372,2.584541063,1.690821256,285.49,0,22,23,12,46,1,13
Thesis,Thesis,656,13T,737322,736861,AWD453,749162,M,LFD,43739,43760,43784,SIX,7,8,BLK HOOD,RT,C-D2,,,0.8435,297,1.683501684,1.818181818,0.808080808,167.29,123.76,6,7,27,56,2,0
Thesis,Thesis,612,13T,736692,737471,AWD446,749211,M,HFD,43739,43760,43784,SIX,7,7,BLACK,RM,C-D1,,,3.6525,452,6.216814159,2.32300885,2.411504425,136.41,162.74,20,20,15,12,0,48
Thesis,Thesis,612,13T,736692,737471,AWD447,749212,M,LFD,43739,43760,43784,SIX,7,7,ALBINO,LB,C-E2,,,1.1525,383,2.454308094,1.514360313,1.305483029,259.49,36.07,13,14,25,46,7,7
Thesis,Thesis,737,13T,741482,742051,AWD456,749253,M,HFD,43739,43760,43784,SIX,4,14,BROWN,RT,C-E1,,,1.214,371,3.261455526,2.04851752,1.428571429,216.51,61.62,14,15,24,23,0,37
Thesis,Thesis,737,13T,741482,742051,AWD457,749254,M,LFD,43739,43760,43784,SIX,4,14,BROWN,LT,C-C2,,,0.591,370,1.702702703,1.135135135,1.405405405,263.95,35.34,16,17,16,51,6,3
Thesis,Thesis,661,14T,737272,736761,AWD460,749403,M,HFD,43743,43766,43791,SIX,7,12,BLK HOOD,RT,C-C5,,,2.406,436,3.967889908,2.52293578,1.605504587,164.31,132.47,12,13,19,30,3,27
Thesis,Thesis,661,14T,737272,736761,AWD461,749404,M,LFD,43743,43766,43791,SIX,7,12,BROWN,RT,C-D6,,,,323,1.052631579,1.114551084,0.80495356,202.41,96.84,16,17,20,33,3,24
Thesis,Thesis,643,14T,737252,737831,AWD456,749421,M,HFD,43743,43766,43791,SIX,4,8,BROWN,LT,C-C5,,,2.9765,489,4.110429448,2.494887526,2.208588957,262.14,33.71,15,16,26,26,4,29
Thesis,Thesis,643,14T,737252,737831,AWD457,749422,M,LFD,43743,43766,43791,SIX,4,8,BRN HOOD,LB,C-E6,,,1.048,354,1.779661017,1.949152542,1.327683616,250.98,45.43,18,19,18,51,0,9
Thesis,Thesis,662,14T,737442,737342,AWD464,749471,M,HFD,43743,43766,43791,SIX,8,9,BLACK,RM,C-D5,,,1.1795,400,3.15,2.325,1.55,195.62,104.22,16,17,14,32,1,27
Thesis,Thesis,662,14T,737442,737342,AWD465,749472,M,LFD,43743,43766,43791,SIX,8,9,BLACK,LM,C-C6,,,0.649,351,1.13960114,1.282051282,0.769230769,173.7,123.03,4,5,27,58,0,2
Thesis,Thesis,607,14T,736662,737191,AWD472,749481,M,HFD,43746,43767,43791,SIX,8,11,ALBINO,RM,C-E5,,,1.5775,425,2.941176471,2,1.741176471,178.77,84.11,17,17,17,58,1,1
Thesis,Thesis,607,14T,736662,737191,AWD473,749482,M,LFD,43746,43767,43791,SIX,8,11,BROWN,RB,C-C6,,,,347,1.930835735,1.81556196,1.181556196,271.54,20.02,16,17,15,58,2,0
Thesis,Thesis,616,14T,736712,737421,AWD476,749501,M,HFD,43746,43767,43791,SIX,8,10,BROWN,LB,C-E5,,,1.506,377,3.687002653,2.519893899,1.644562334,254.36,18.68,17,18,17,51,0,9
Thesis,Thesis,616,14T,736712,737421,AWD477,749502,M,LFD,43746,43767,43791,SIX,8,10,ALBINO,LM,C-D6,,,1.507,422,3.909952607,2.938388626,1.63507109,246.2,49.69,5,6,26,46,0,14
Thesis,Thesis,613,14T,736742,736881,AWD468,749511,M,HFD,43745,43766,43791,SIX,8,12,BROWN,LM,C-D5,,,2.0475,388,2.886597938,2.783505155,1.932989691,223.76,75.68,11,12,30,47,0,13
Thesis,Thesis,613,14T,736742,736881,AWD469,749512,M,LFD,43745,43766,43791,SIX,8,12,BROWN,RM,C-E6,,,0.7485,377,2.042440318,2.175066313,1.352785146,170.39,120.12,9,10,33,47,0,13
Thesis,Thesis,741,15T,741332,741801,AWD484,751772,M,HFD,43793,43815,,SIX,5,7,BLK HOOD,LM,C-F1,,,,511,3.268101761,2.152641879,1.232876712,236.72,46.76,,,,53,0,7
Thesis,Thesis,741,15T,741332,741801,AWD485,751773,M,LFD,43793,43815,,SIX,5,7,BLK HOOD,LT,C-G2,,,,381,2.80839895,2.17847769,,202.83,91.25,,,,53,5,2
Thesis,Thesis,701,15T,741552,742071,AWD488,751783,M,HFD,43794,43815,,SIX,5,5,BRN HOOD,LT,C-G1,,,,372,2.043010753,1.586021505,0.913978495,236.76,60.46,,,,55,1,4
Thesis,Thesis,701,15T,741552,742071,AWD489,751784,M,LFD,43794,43815,,SIX,5,5,BLK HOOD,RT,C-F2,,,,431,2.22737819,1.80974478,0.812064965,272.89,23.14,,,,55,1,4
Thesis,Thesis,707,15T,741402,742041,AWD480,751791,M,HFD,43793,43815,,SIX,5,10,ALBINO,RT,C-F1,,,,393,1.323155216,1.348600509,0.58524173,265.81,0,,,,54,1,5
Thesis,Thesis,817,15T,745282,747632,AWD481,751905,M,LFD,43793,43815,,SIX,1,10,BLK HOOD,LB,C-H2,,,,381,,,,214.01,73.88,,,,55,2,3
Thesis,Thesis,730,15T,743392,741661,AWD496,751931,M,HFD,43795,43816,,SIX,6,10,BLACK,LT,C-H1,,,,401,2.867830424,2.219451372,1.620947631,168.8,103.7,,,,49,3,8
Thesis,Thesis,730,15T,743392,741661,AWD497,751932,M,LFD,43795,43816,,SIX,6,10,BLACK,LM,C-F2,,,,394,2.106598985,1.852791878,1.015228426,165.39,131.66,,,,48,9,3
Thesis,Thesis,710,15T,741952,742281,AWD492,751941,M,HFD,43795,43816,,SIX,6,13,BLK HOOD,RM,C-G1,,,,349,1.833810888,1.518624642,0.859598854,209.51,87.48,,,,48,5,7
Thesis,Thesis,710,15T,741952,742281,AWD493,751942,M,LFD,43795,43816,,SIX,6,13,BLACK,RB,C-H2,,,,336,,,,254.08,40.31,,,,48,3,9
Thesis,Thesis,0751B,15T,741872,741341,AWD500,751951,M,HFD,43795,43816,,SIX,6,5,BROWN,RM,C-H1,,,,357,,,,136.96,147.86,,,,27,0,33
Thesis,Thesis,0751B,15T,741872,741341,AWD501,751952,M,LFD,43795,43816,,SIX,6,5,BROWN,RB,C-G2,,,,366,2.213114754,2.049180328,1.092896175,209.53,88.7,,,,54,5,1
Thesis,Thesis,717,16T,741352,741171,AWD504,752121,M,HFD,43800,43822,,SIX,7,11,BLK HOOD,LC,C-F5,,,,369,1.409214092,1.246612466,0.867208672,284.75,13.36,11,12,29,30,2,22
Thesis,Thesis,717,16T,741352,741171,AWD505,752122,M,LFD,43800,43822,,SIX,7,11,BLACK,LB,C-H6,,,,309,1.42394822,1.391585761,1.003236246,268.54,29.95,6,7,24,49,0,11
Thesis,Thesis,756,16T,741692,741971,AWD508,752131,M,HFD,43800,43822,,SIX,3,10,ALBINO,RM,C-F5,,,,401,2.194513716,2.044887781,1.172069825,260.68,37.34,25,26,13,55,4,1
Thesis,Thesis,756,16T,741692,741971,AWD509,752132,M,LFD,43800,43822,,SIX,3,10,BROWN,LM,C-G6,,,,384,1.614583333,1.640625,0.963541667,203.02,96.18,5,6,29,59,1,0
Thesis,Thesis,732,16T,741232,741151,AWD512,752141,M,HFD,43801,43822,,SIX,7,6,ALBINO,LB,C-G5,,,,456,4.276315789,3.26754386,2.938596491,131.29,162.59,8,9,28,51,5,4
Thesis,Thesis,732,16T,741232,741151,AWD513,752142,M,LFD,43801,43822,,SIX,7,6,ALBINO,RT,C-F6,,,,389,1.46529563,1.285347044,0.822622108,169.12,125.96,14,15,22,49,10,1
Thesis,Thesis,761,16T,741772,741251,AWD516,752161,M,HFD,43801,43822,,SIX,6,10,BROWN,LTRB,C-G5,,,,442,3.303167421,2.262443439,1.402714932,232.56,60.8,18,19,21,21,1,38
Thesis,Thesis,761,16T,741772,741251,AWD517,752162,M,LFD,43801,43822,,SIX,6,10,BLK HOOD,LTRT,C-H6,,,,405,1.481481481,1.555555556,0.888888889,179.96,107.86,18,19,25,48,0,12
Thesis,Thesis,704,16T,742022,741271,AWD520,752341,M,HFD,43802,43822,,SIX,6,12,BLACK,RM,C-H5,,,,398,1.884422111,2.035175879,1.281407035,205.48,88.83,7,8,24,54,0,6
Thesis,Thesis,704,16T,742022,741271,AWD521,752342,M,LFD,43802,43822,,SIX,6,12,BLACK,RC,C-F6,,,,374,2.139037433,1.764705882,1.310160428,122.34,173.06,16,17,33,55,5,0
Thesis,Thesis,764,16T,741122,741351,AWD524,752431,M,HFD,43802,43822,,SIX,7,10,BROWN,LT,C-H5,,,,426,4.201877934,2.816901408,2.605633803,279.36,20.04,3,4,30,37,6,17
Thesis,Thesis,764,16T,741122,741351,AWD525,752432,M,LFD,43802,43822,,SIX,7,10,BRN HOOD,RM,C-G6,,,,399,2.481203008,1.503759398,1.378446115,166.92,121.13,9,10,30,53,3,4